model,feature_set,subject,fold,sens,spec,bal_acc,auc,hp_trees,hp_min_n,hp_tree_depth,hp_learn_rate,hp_mtry
xgb,full,01,1,0.5730061349693252,0.5821256038647343,0.5775658694170298,0.606905545182419,644,6,4,0.012986545220613996,NA
xgb,full,03,2,0.8075060532687651,0.535,0.6712530266343826,0.7554782082324456,644,6,4,0.012986545220613996,NA
xgb,full,04,3,0.38571428571428573,0.899888765294772,0.6428015255045288,0.7071408708088358,644,6,4,0.012986545220613996,NA
xgb,full,05,4,0.7299618320610687,0.7513321492007105,0.7406469906308896,0.8295171043889749,644,6,4,0.012986545220613996,NA
xgb,full,06,5,0.5454545454545454,0.5632432432432433,0.5543488943488943,0.5768202293202297,472,12,5,0.01382194074083911,NA
xgb,full,07,6,0.6739130434782609,0.7453874538745388,0.7096502486763998,0.7929998166441301,644,6,4,0.012986545220613996,NA
xgb,full,08,7,0.3547297297297297,0.8377997179125529,0.5962647238211414,0.665450005717988,644,6,4,0.012986545220613996,NA
xgb,full,09,8,0.3362573099415205,0.6646447140381283,0.5004510119898244,0.5347709973952794,644,6,4,0.012986545220613996,NA
xgb,full,10,9,0.4,0.7185877466251298,0.559293873312565,0.5815566775283176,644,6,4,0.012986545220613996,NA
xgb,full,11,10,0.3106796116504854,0.9061277705345502,0.6084036910925178,0.6925102213896023,644,6,4,0.012986545220613996,NA
xgb,full,12,11,0.6129032258064516,0.6835650040883074,0.6482341149473796,0.7350632908357203,644,6,4,0.012986545220613996,NA
xgb,full,13,12,0.6678571428571428,0.656969696969697,0.66241341991342,0.6907445887445874,644,6,4,0.012986545220613996,NA
xgb,full,14,13,0.6477272727272727,0.7694419030192132,0.708584587873243,0.8345774765033686,644,6,4,0.012986545220613996,NA
xgb,full,15,14,0.9635036496350365,0.36779911373707536,0.665651381686056,0.8277286008474519,644,6,4,0.012986545220613996,NA
xgb,full,16,15,0.475,0.7789351851851852,0.6269675925925926,0.7158854166666666,644,6,4,0.012986545220613996,NA
xgb,full,17,16,0.674074074074074,0.8378812199036918,0.7559776469888829,0.8260388799714623,644,6,4,0.012986545220613996,NA
xgb,full,18,17,0.7368421052631579,0.4874551971326165,0.6121486511978872,0.6507134159935527,644,6,4,0.012986545220613996,NA
xgb,full,19,18,0.8271028037383178,0.6224358974358974,0.7247693505871076,0.7802180685358241,644,6,4,0.012986545220613996,NA
xgb,full,20,19,0.5730337078651685,0.7244561634805537,0.6487449356728612,0.7217601268026038,644,6,4,0.012986545220613996,NA
xgb,sensor_only,01,1,0.554601226993865,0.6497584541062802,0.6021798405500727,0.6019412584096508,644,6,4,0.012986545220613996,NA
xgb,sensor_only,03,2,0.7179176755447942,0.625,0.6714588377723971,0.7407748184019367,644,6,4,0.012986545220613996,NA
xgb,sensor_only,04,3,0.36964285714285716,0.8687430478309233,0.6191929524868902,0.6915819164150648,644,6,4,0.012986545220613996,NA
xgb,sensor_only,05,4,0.7032442748091603,0.7690941385435168,0.7361692066763386,0.8241749488156428,644,6,4,0.012986545220613996,NA
xgb,sensor_only,06,5,0.5416666666666666,0.5578378378378378,0.5497522522522522,0.570149467649468,644,6,4,0.012986545220613996,NA
xgb,sensor_only,07,6,0.5900621118012422,0.7490774907749077,0.669569801288075,0.7492178726135074,644,6,4,0.012986545220613996,NA
xgb,sensor_only,08,7,0.46283783783783783,0.7306064880112835,0.5967221629245607,0.6484532840315624,644,6,4,0.012986545220613996,NA
xgb,sensor_only,09,8,0.29239766081871343,0.6733102253032929,0.48285394306100315,0.4950211316853647,644,6,4,0.012986545220613996,NA
xgb,sensor_only,10,9,0.4413793103448276,0.6375908618899273,0.5394850861173774,0.5650445805134816,644,6,4,0.012986545220613996,NA
xgb,sensor_only,11,10,0.49514563106796117,0.847457627118644,0.6713016290933026,0.7444462728319897,644,6,4,0.012986545220613996,NA
xgb,sensor_only,12,11,0.5102639296187683,0.7628781684382666,0.6365710490285175,0.7198106670055582,644,6,4,0.012986545220613996,NA
xgb,sensor_only,13,12,0.7392857142857143,0.566060606060606,0.6526731601731601,0.6993419913419945,644,6,4,0.012986545220613996,NA
xgb,sensor_only,14,13,0.5909090909090909,0.8444647758462946,0.7176869333776927,0.8351908841387367,644,6,4,0.012986545220613996,NA
xgb,sensor_only,15,14,0.9635036496350365,0.4431314623338257,0.7033175559844311,0.8507261533817101,644,6,4,0.012986545220613996,NA
xgb,sensor_only,16,15,0.5666666666666667,0.6666666666666666,0.6166666666666667,0.6511477623456801,644,6,4,0.012986545220613996,NA
xgb,sensor_only,17,16,0.6444444444444445,0.7680577849117175,0.706251114678081,0.8012543844004504,644,6,4,0.012986545220613996,NA
xgb,sensor_only,18,17,0.6172248803827751,0.5313620071684588,0.574293443775617,0.6002898252473797,644,6,4,0.012986545220613996,NA
xgb,sensor_only,19,18,0.8130841121495327,0.6801282051282052,0.7466061586388689,0.7963455547567675,644,6,4,0.012986545220613996,NA
xgb,sensor_only,20,19,0.6797752808988764,0.5998681608437706,0.6398217208713235,0.6981438824409526,644,6,4,0.012986545220613996,NA
rf,full,01,1,0.36441717791411044,0.8019323671497585,0.5831747725319345,0.6251948667792896,NA,6,NA,NA,25
rf,full,03,2,0.400726392251816,0.90125,0.650988196125908,0.7290617433414038,NA,14,NA,NA,30
rf,full,04,3,0.09107142857142857,0.9888765294771968,0.5399739790243127,0.7051644684570153,NA,6,NA,NA,25
rf,full,05,4,0.3387404580152672,0.9431616341030196,0.6409510460591434,0.8176947039442467,NA,6,NA,NA,25
rf,full,06,5,0.2556818181818182,0.8789189189189189,0.5673003685503686,0.594852579852579,NA,10,NA,NA,27
rf,full,07,6,0.17391304347826086,0.9501845018450185,0.5620487726616397,0.778806926268021,NA,6,NA,NA,25
rf,full,08,7,0.010135135135135136,0.9929478138222849,0.50154147447871,0.5944373499027934,NA,14,NA,NA,30
rf,full,09,8,0.07309941520467836,0.9168110918544194,0.4949552535295489,0.5005548967739983,NA,6,NA,NA,25
rf,full,10,9,0.14022988505747128,0.9179646936656283,0.5290972893615498,0.539869421467875,NA,6,NA,NA,25
rf,full,11,10,0.04854368932038835,0.9947848761408083,0.5216642827305984,0.6266819407349266,NA,10,NA,NA,27
rf,full,12,11,0.12609970674486803,0.9746524938675388,0.5503761003062034,0.7010164419496303,NA,10,NA,NA,27
rf,full,13,12,0.325,0.9175757575757576,0.6212878787878788,0.7046645021644986,NA,10,NA,NA,27
rf,full,14,13,0.29545454545454547,0.9826166514181153,0.6390355984363304,0.817381269233966,NA,14,NA,NA,30
rf,full,15,14,0.583941605839416,0.7872968980797637,0.6856192519595898,0.7828332380942095,NA,14,NA,NA,30
rf,full,16,15,0.175,0.9317129629629629,0.5533564814814814,0.7193287037037028,NA,10,NA,NA,27
rf,full,17,16,0.1111111111111111,0.9983948635634029,0.554752987337257,0.8025028238511397,NA,14,NA,NA,30
rf,full,18,17,0.48325358851674644,0.7293906810035843,0.6063221347601654,0.6717943441203199,NA,6,NA,NA,25
rf,full,19,18,0.4439252336448598,0.8647435897435898,0.6543344116942248,0.7528187155523616,NA,10,NA,NA,27
rf,full,20,19,0.19101123595505617,0.9472643375082399,0.569137786731648,0.6845229718619676,NA,10,NA,NA,22
rf,sensor_only,01,1,0.3079754601226994,0.8381642512077294,0.5730698556652144,0.6021694674135317,NA,10,NA,NA,27
rf,sensor_only,03,2,0.2651331719128329,0.92625,0.5956915859564165,0.7071557203389818,NA,6,NA,NA,25
rf,sensor_only,04,3,0.14107142857142857,0.9810901001112347,0.5610807643413316,0.6981676068647709,NA,6,NA,NA,25
rf,sensor_only,05,4,0.23473282442748092,0.9769094138543517,0.6058211191409163,0.8082400037964556,NA,14,NA,NA,30
rf,sensor_only,06,5,0.22537878787878787,0.8897297297297297,0.5575542588042588,0.5725819000819004,NA,6,NA,NA,25
rf,sensor_only,07,6,0.13354037267080746,0.959409594095941,0.5464749833833742,0.7439879328917507,NA,6,NA,NA,25
rf,sensor_only,08,7,0.05405405405405406,0.9774330042313117,0.5157435291426828,0.5975631837761602,NA,10,NA,NA,27
rf,sensor_only,09,8,0.038011695906432746,0.9436741767764298,0.4908429363414313,0.482985699372636,NA,10,NA,NA,22
rf,sensor_only,10,9,0.17701149425287357,0.8826583592938733,0.5298349267733734,0.5396617371480428,NA,10,NA,NA,27
rf,sensor_only,11,10,0.08737864077669903,0.9869621903520208,0.53717041556436,0.6689092543132359,NA,6,NA,NA,25
rf,sensor_only,12,11,0.04398826979472141,0.9885527391659853,0.5162705044803534,0.6770309056859833,NA,14,NA,NA,30
rf,sensor_only,13,12,0.4107142857142857,0.8793939393939394,0.6450541125541125,0.7120313852813883,NA,6,NA,NA,25
rf,sensor_only,14,13,0.20454545454545456,0.989935956084172,0.5972407053148132,0.81733448390585,NA,6,NA,NA,25
rf,sensor_only,15,14,0.36496350364963503,0.930576070901034,0.6477697872753345,0.7876796515326288,NA,6,NA,NA,25
rf,sensor_only,16,15,0.2833333333333333,0.8611111111111112,0.5722222222222222,0.6618923611111124,NA,6,NA,NA,25
rf,sensor_only,17,16,0.23703703703703705,0.985553772070626,0.6112954045538315,0.7979668271803105,NA,10,NA,NA,27
rf,sensor_only,18,17,0.2583732057416268,0.8351254480286738,0.5467493268851503,0.664034230248155,NA,10,NA,NA,27
rf,sensor_only,19,18,0.5046728971962616,0.8807692307692307,0.6927210639827461,0.7929427270548757,NA,10,NA,NA,22
rf,sensor_only,20,19,0.3146067415730337,0.922874093605801,0.6187404175894173,0.6815677008880618,NA,10,NA,NA,27
lgb,full,01,1,0.38650306748466257,0.782608695652174,0.5845558815684182,0.5982187842683974,434,6,6,0.07810280391498574,NA
lgb,full,03,2,0.4297820823244552,0.85375,0.6417660411622276,0.7265072639225181,530,12,6,0.09158203973520893,NA
lgb,full,04,3,0.12142857142857143,0.9833147942157954,0.5523716828221834,0.7271174320673758,434,6,6,0.07810280391498574,NA
lgb,full,05,4,0.37595419847328243,0.9271758436944938,0.6515650210838881,0.8214953967974181,530,12,6,0.09158203973520893,NA
lgb,full,06,5,0.3087121212121212,0.7891891891891892,0.5489506552006552,0.5757063882063895,434,6,6,0.07810280391498574,NA
lgb,full,07,6,0.3105590062111801,0.9234317343173432,0.6169953702642617,0.7691234443400338,530,12,6,0.09158203973520893,NA
lgb,full,08,7,0.06418918918918919,0.9760225669957687,0.520105878092479,0.6437597682308527,434,6,6,0.07810280391498574,NA
lgb,full,09,8,0.1111111111111111,0.8994800693240901,0.5052955902176006,0.5152887996999985,530,12,6,0.09158203973520893,NA
lgb,full,10,9,0.167816091954023,0.893042575285566,0.5304293336197945,0.5820006922810681,530,12,6,0.09158203973520893,NA
lgb,full,11,10,0.0825242718446602,0.9765319426336375,0.5295281072391489,0.6493588688750771,530,12,6,0.09158203973520893,NA
lgb,full,12,11,0.2287390029325513,0.9370400654129191,0.5828895341727351,0.7137033831043815,346,11,5,0.06898319952824654,NA
lgb,full,13,12,0.325,0.8806060606060606,0.6028030303030303,0.6673939393939394,530,12,6,0.09158203973520893,NA
lgb,full,14,13,0.36363636363636365,0.9451052150045746,0.6543707893204691,0.8162064376611524,530,12,6,0.09158203973520893,NA
lgb,full,15,14,0.7226277372262774,0.6971935007385525,0.7099106189824149,0.7545094825820219,434,6,6,0.07810280391498574,NA
lgb,full,16,15,0.2,0.9131944444444444,0.5565972222222222,0.6922453703703694,530,12,6,0.09158203973520893,NA
lgb,full,17,16,0.2222222222222222,0.9775280898876404,0.5998751560549314,0.8090303786933017,530,12,6,0.09158203973520893,NA
lgb,full,18,17,0.5167464114832536,0.7311827956989247,0.6239646035910892,0.6633225291968942,434,6,6,0.07810280391498574,NA
lgb,full,19,18,0.48598130841121495,0.8256410256410256,0.6558111670261203,0.7447459861011224,530,12,6,0.09158203973520893,NA
lgb,full,20,19,0.2640449438202247,0.9116677653263019,0.5878563545732634,0.7075763074666861,530,12,6,0.09158203973520893,NA
lgb,sensor_only,01,1,0.3325153374233129,0.8140096618357487,0.5732624996295308,0.5920304673838949,530,12,6,0.09158203973520893,NA
lgb,sensor_only,03,2,0.3268765133171913,0.8925,0.6096882566585956,0.7251422518159797,530,12,6,0.09158203973520893,NA
lgb,sensor_only,04,3,0.1875,0.96440489432703,0.575952447163515,0.7141387255680915,530,12,6,0.09158203973520893,NA
lgb,sensor_only,05,4,0.2700381679389313,0.9591474245115453,0.6145927962252383,0.8142397597385864,434,6,6,0.07810280391498574,NA
lgb,sensor_only,06,5,0.24053030303030304,0.8086486486486486,0.5245894758394758,0.5654176904176899,530,12,6,0.09158203973520893,NA
lgb,sensor_only,07,6,0.2577639751552795,0.9252767527675276,0.5915203639614035,0.7365118837523781,530,12,6,0.09158203973520893,NA
lgb,sensor_only,08,7,0.11824324324324324,0.9449929478138223,0.5316180955285328,0.6300413601189335,434,6,6,0.07810280391498574,NA
lgb,sensor_only,09,8,0.043859649122807015,0.9168110918544194,0.48033537048861324,0.47003050665369306,346,11,5,0.06898319952824654,NA
lgb,sensor_only,10,9,0.2,0.8431983385254413,0.5215991692627207,0.5654122056313479,530,12,6,0.09158203973520893,NA
lgb,sensor_only,11,10,0.13592233009708737,0.9661016949152542,0.5510120125061708,0.7009215073226929,530,12,6,0.09158203973520893,NA
lgb,sensor_only,12,11,0.11730205278592376,0.9746524938675388,0.5459772733267313,0.6645118129305604,530,12,6,0.09158203973520893,NA
lgb,sensor_only,13,12,0.37142857142857144,0.8327272727272728,0.6020779220779221,0.6707857142857138,530,12,6,0.09158203973520893,NA
lgb,sensor_only,14,13,0.3181818181818182,0.9688929551692589,0.6435373866755385,0.8192214921400676,530,12,6,0.09158203973520893,NA
lgb,sensor_only,15,14,0.46715328467153283,0.8463810930576071,0.65676718886457,0.7233393351949879,530,12,6,0.09158203973520893,NA
lgb,sensor_only,16,15,0.225,0.8368055555555556,0.5309027777777778,0.628047839506176,530,12,6,0.09158203973520893,NA
lgb,sensor_only,17,16,0.2740740740740741,0.9703049759229535,0.6221895249985138,0.776434219130848,571,10,10,0.05756449730883383,NA
lgb,sensor_only,18,17,0.2966507177033493,0.7831541218637993,0.5399024197835742,0.6032138018555668,434,6,6,0.07810280391498574,NA
lgb,sensor_only,19,18,0.4766355140186916,0.8551282051282051,0.6658818595734484,0.7731248502276523,530,12,6,0.09158203973520893,NA
lgb,sensor_only,20,19,0.38202247191011235,0.8826631509558339,0.6323428114329731,0.7135423996207779,434,6,6,0.07810280391498574,NA
