metric,model_A,model_B,mean_A,mean_B,delta,ci_low,ci_high,p_A_gt_B,p_two_sided
sens,Attention (default),Attention (tuned),0.5210397038210448,0.5774610871198732,-0.056421383298828315,-0.10501768006146509,-0.01204959189444847,0.004,0.008
sens,Attention (default),DT,0.5210397038210448,0.5720868242450072,-0.051047120423962325,-0.10639527654945576,0.014950123495445604,0.062,0.124
sens,Attention (default),LGB (default),0.5210397038210448,0.295264934794256,0.2257747690267889,0.17006222550437464,0.275351153055341,1,0
sens,Attention (default),LGB (tuned),0.5210397038210448,0.28132076269192074,0.2397189411291241,0.1799337410642557,0.29444357624344997,1,0
sens,Attention (default),LR,0.5210397038210448,0.625122582394644,-0.1040828785735992,-0.16158172547765812,-0.04839601880662195,0,0
sens,Attention (default),RF (default),0.5210397038210448,0.22392764833193204,0.29711205548911285,0.2520901409624863,0.34312250114464676,1,0
sens,Attention (default),RF (tuned),0.5210397038210448,0.23994917432064294,0.2810905295004019,0.19303619708674769,0.3675898461982745,1,0
sens,Attention (default),Transformer,0.5210397038210448,0.6905720506484329,-0.16953234682738796,-0.19905854458635425,-0.13446195566880007,0,0
sens,Attention (default),XGB (default),0.5210397038210448,0.416807888570512,0.10423181525053286,0.05701621416521802,0.14637362328229372,1,0
sens,Attention (default),XGB (tuned),0.5210397038210448,0.593085812791088,-0.07204610897004309,-0.17166356585759476,0.025256646261557887,0.064,0.128
sens,Attention (tuned),Attention (default),0.5774610871198732,0.5210397038210448,0.056421383298828315,0.014551425824826334,0.1024368023042097,0.994,0.012
sens,Attention (tuned),DT,0.5774610871198732,0.5720868242450072,0.005374262874865996,-0.04565947905806032,0.0677655099769832,0.548,0.904
sens,Attention (tuned),LGB (default),0.5774610871198732,0.295264934794256,0.28219615232561723,0.23427318187127277,0.3234732112476043,1,0
sens,Attention (tuned),LGB (tuned),0.5774610871198732,0.28132076269192074,0.2961403244279524,0.24768785170282298,0.34201081212712786,1,0
sens,Attention (tuned),LR,0.5774610871198732,0.625122582394644,-0.0476614952747709,-0.11811610992191661,0.018375864212118082,0.095,0.19
sens,Attention (tuned),RF (default),0.5774610871198732,0.22392764833193204,0.35353343878794113,0.31750676741218414,0.3873254286114169,1,0
sens,Attention (tuned),RF (tuned),0.5774610871198732,0.23994917432064294,0.3375119127992302,0.22588634804601013,0.4379370901833238,1,0
sens,Attention (tuned),Transformer,0.5774610871198732,0.6905720506484329,-0.11311096352855965,-0.1716215561231017,-0.05381726631615721,0,0
sens,Attention (tuned),XGB (default),0.5774610871198732,0.416807888570512,0.16065319854936116,0.11320974067696092,0.20424726958325062,1,0
sens,Attention (tuned),XGB (tuned),0.5774610871198732,0.593085812791088,-0.015624725671214779,-0.14454485759690702,0.08810594813299995,0.399,0.798
sens,DT,Attention (default),0.5720868242450072,0.5210397038210448,0.051047120423962325,-0.013170926685792526,0.10661539787543589,0.946,0.108
sens,DT,Attention (tuned),0.5720868242450072,0.5774610871198732,-0.005374262874865996,-0.07172895097749266,0.048640927726989844,0.457,0.914
sens,DT,LGB (default),0.5720868242450072,0.295264934794256,0.2768218894507512,0.20341237310172722,0.34713560250928793,1,0
sens,DT,LGB (tuned),0.5720868242450072,0.28132076269192074,0.29076606155308643,0.21763749364105417,0.36401458480619825,1,0
sens,DT,LR,0.5720868242450072,0.625122582394644,-0.05303575814963689,-0.12732566308600574,0.014867693976203949,0.073,0.146
sens,DT,RF (default),0.5720868242450072,0.22392764833193204,0.34815917591307516,0.2842342263389049,0.41417071079199186,1,0
sens,DT,RF (tuned),0.5720868242450072,0.23994917432064294,0.33213764992436423,0.23301280516565184,0.4404280189166995,1,0
sens,DT,Transformer,0.5720868242450072,0.6905720506484329,-0.11848522640342563,-0.1894621607247206,-0.05250391137006093,0,0
sens,DT,XGB (default),0.5720868242450072,0.416807888570512,0.1552789356744952,0.09217337205590721,0.21635201410432395,1,0
sens,DT,XGB (tuned),0.5720868242450072,0.593085812791088,-0.020998988546080764,-0.1221020621537604,0.08363056819352306,0.328,0.656
sens,LGB (default),Attention (default),0.295264934794256,0.5210397038210448,-0.2257747690267889,-0.2691115149143263,-0.17260692008696948,0,0
sens,LGB (default),Attention (tuned),0.295264934794256,0.5774610871198732,-0.28219615232561723,-0.32841150770915867,-0.23824583980929193,0,0
sens,LGB (default),DT,0.295264934794256,0.5720868242450072,-0.2768218894507512,-0.3472587474385559,-0.2053519890021897,0,0
sens,LGB (default),LGB (tuned),0.295264934794256,0.28132076269192074,0.013944172102335197,0.0020713508162401866,0.02429555397935717,0.991,0.018
sens,LGB (default),LR,0.295264934794256,0.625122582394644,-0.3298576476003881,-0.3774236948879937,-0.2839339861103112,0,0
sens,LGB (default),RF (default),0.295264934794256,0.22392764833193204,0.07133728646232392,0.048972062553667914,0.09491964488295064,1,0
sens,LGB (default),RF (tuned),0.295264934794256,0.23994917432064294,0.055315760473613015,-0.058126477531917166,0.1572648287529552,0.868,0.264
sens,LGB (default),Transformer,0.295264934794256,0.6905720506484329,-0.3953071158541769,-0.4497161830252417,-0.3397505630441993,0,0
sens,LGB (default),XGB (default),0.295264934794256,0.416807888570512,-0.12154295377625604,-0.14276959792266972,-0.09965708450687652,0,0
sens,LGB (default),XGB (tuned),0.295264934794256,0.593085812791088,-0.297820877996832,-0.3961202854545071,-0.19702591845456016,0,0
sens,LGB (tuned),Attention (default),0.28132076269192074,0.5210397038210448,-0.2397189411291241,-0.29031547989029927,-0.18161545721640268,0,0
sens,LGB (tuned),Attention (tuned),0.28132076269192074,0.5774610871198732,-0.2961403244279524,-0.3436071743028146,-0.2439904019340594,0,0
sens,LGB (tuned),DT,0.28132076269192074,0.5720868242450072,-0.29076606155308643,-0.3609126548619073,-0.21756431289201383,0,0
sens,LGB (tuned),LGB (default),0.28132076269192074,0.295264934794256,-0.013944172102335197,-0.024395705419004928,-0.003442845976430378,0.008,0.016
sens,LGB (tuned),LR,0.28132076269192074,0.625122582394644,-0.34380181970272333,-0.38845551388112604,-0.2972420101088321,0,0
sens,LGB (tuned),RF (default),0.28132076269192074,0.22392764833193204,0.05739311435998872,0.031586088546037866,0.08227013821745738,1,0
sens,LGB (tuned),RF (tuned),0.28132076269192074,0.23994917432064294,0.04137158837127781,-0.06932632743412497,0.13594834074832152,0.798,0.404
sens,LGB (tuned),Transformer,0.28132076269192074,0.6905720506484329,-0.40925128795651206,-0.468800544615453,-0.3467563402008529,0,0
sens,LGB (tuned),XGB (default),0.28132076269192074,0.416807888570512,-0.13548712587859124,-0.15995154136409973,-0.1116352850983404,0,0
sens,LGB (tuned),XGB (tuned),0.28132076269192074,0.593085812791088,-0.31176505009916716,-0.41398023049031735,-0.21892517799803063,0,0
sens,LR,Attention (default),0.625122582394644,0.5210397038210448,0.1040828785735992,0.049499933662061714,0.1630743595120121,1,0
sens,LR,Attention (tuned),0.625122582394644,0.5774610871198732,0.0476614952747709,-0.015857123467189673,0.12087064859240093,0.917,0.166
sens,LR,DT,0.625122582394644,0.5720868242450072,0.05303575814963689,-0.009700884120608384,0.12361580400723637,0.946,0.108
sens,LR,LGB (default),0.625122582394644,0.295264934794256,0.3298576476003881,0.28310819510395946,0.3758056907777338,1,0
sens,LR,LGB (tuned),0.625122582394644,0.28132076269192074,0.34380181970272333,0.2986323906139807,0.3890811803069878,1,0
sens,LR,RF (default),0.625122582394644,0.22392764833193204,0.40119493406271206,0.3471211738742071,0.45293597444437383,1,0
sens,LR,RF (tuned),0.625122582394644,0.23994917432064294,0.38517340807400113,0.28863155791459266,0.4880357699005605,1,0
sens,LR,Transformer,0.625122582394644,0.6905720506484329,-0.06544946825378874,-0.11892164049661638,0.001304154810989263,0.027,0.054
sens,LR,XGB (default),0.625122582394644,0.416807888570512,0.20831469382413206,0.16336760114060025,0.25439786676829945,1,0
sens,LR,XGB (tuned),0.625122582394644,0.593085812791088,0.032036769603556135,-0.0618521063674675,0.12446031036105164,0.727,0.546
sens,RF (default),Attention (default),0.22392764833193204,0.5210397038210448,-0.29711205548911285,-0.34211335927725056,-0.25178418022072724,0,0
sens,RF (default),Attention (tuned),0.22392764833193204,0.5774610871198732,-0.35353343878794113,-0.38628187927661706,-0.31943767033161613,0,0
sens,RF (default),DT,0.22392764833193204,0.5720868242450072,-0.34815917591307516,-0.408229923042502,-0.28226981314794664,0,0
sens,RF (default),LGB (default),0.22392764833193204,0.295264934794256,-0.07133728646232392,-0.095118999708228,-0.04665085340588263,0,0
sens,RF (default),LGB (tuned),0.22392764833193204,0.28132076269192074,-0.05739311435998872,-0.08481095347546526,-0.03251216067004421,0,0
sens,RF (default),LR,0.22392764833193204,0.625122582394644,-0.40119493406271206,-0.4598946121158531,-0.34767952707032734,0,0
sens,RF (default),RF (tuned),0.22392764833193204,0.23994917432064294,-0.01602152598871091,-0.1201824956782714,0.07844346942225458,0.387,0.774
sens,RF (default),Transformer,0.22392764833193204,0.6905720506484329,-0.4666444023165008,-0.5205758957964818,-0.41323344233835574,0,0
sens,RF (default),XGB (default),0.22392764833193204,0.416807888570512,-0.19288024023857997,-0.2251750526498578,-0.16355539450446918,0,0
sens,RF (default),XGB (tuned),0.22392764833193204,0.593085812791088,-0.3691581644591559,-0.47085328030842216,-0.27563927819114536,0,0
sens,RF (tuned),Attention (default),0.23994917432064294,0.5210397038210448,-0.2810905295004019,-0.3733162445281833,-0.18677515640397044,0,0
sens,RF (tuned),Attention (tuned),0.23994917432064294,0.5774610871198732,-0.3375119127992302,-0.43185300313854574,-0.2232586478806249,0,0
sens,RF (tuned),DT,0.23994917432064294,0.5720868242450072,-0.33213764992436423,-0.42487405782046245,-0.2342527803323878,0,0
sens,RF (tuned),LGB (default),0.23994917432064294,0.295264934794256,-0.055315760473613015,-0.15433028220931522,0.050989445719779605,0.137,0.274
sens,RF (tuned),LGB (tuned),0.23994917432064294,0.28132076269192074,-0.04137158837127781,-0.13812034708053678,0.06979174843880105,0.235,0.47
sens,RF (tuned),LR,0.23994917432064294,0.625122582394644,-0.38517340807400113,-0.48265593986841926,-0.28404579988827183,0,0
sens,RF (tuned),RF (default),0.23994917432064294,0.22392764833193204,0.01602152598871091,-0.08083440530560274,0.11473967393407565,0.619,0.762
sens,RF (tuned),Transformer,0.23994917432064294,0.6905720506484329,-0.45062287632778986,-0.5327578953043993,-0.35860740865486834,0,0
sens,RF (tuned),XGB (default),0.23994917432064294,0.416807888570512,-0.17685871424986904,-0.2714312540415086,-0.08455452760277975,0,0
sens,RF (tuned),XGB (tuned),0.23994917432064294,0.593085812791088,-0.353136638470445,-0.3919047859904989,-0.31377393759111616,0,0
sens,Transformer,Attention (default),0.6905720506484329,0.5210397038210448,0.16953234682738796,0.13759813384605332,0.20374480601236694,1,0
sens,Transformer,Attention (tuned),0.6905720506484329,0.5774610871198732,0.11311096352855965,0.05705612099772308,0.1649630132253869,1,0
sens,Transformer,DT,0.6905720506484329,0.5720868242450072,0.11848522640342563,0.05702060644415876,0.18828593361887336,1,0
sens,Transformer,LGB (default),0.6905720506484329,0.295264934794256,0.3953071158541769,0.33706555595871046,0.4472543850735492,1,0
sens,Transformer,LGB (tuned),0.6905720506484329,0.28132076269192074,0.40925128795651206,0.3480442854810043,0.46962814087844584,1,0
sens,Transformer,LR,0.6905720506484329,0.625122582394644,0.06544946825378874,0.010649714327728004,0.12882662839833184,0.987,0.026
sens,Transformer,RF (default),0.6905720506484329,0.22392764833193204,0.4666444023165008,0.41453543637112483,0.5253995739833387,1,0
sens,Transformer,RF (tuned),0.6905720506484329,0.23994917432064294,0.45062287632778986,0.36528551620266536,0.534265990670767,1,0
sens,Transformer,XGB (default),0.6905720506484329,0.416807888570512,0.2737641620779208,0.22463598221610706,0.3198005211309775,1,0
sens,Transformer,XGB (tuned),0.6905720506484329,0.593085812791088,0.09748623785734488,0.008525313092919718,0.18837824584292814,0.985,0.03
sens,XGB (default),Attention (default),0.416807888570512,0.5210397038210448,-0.10423181525053286,-0.14575392925841632,-0.05749000681552944,0,0
sens,XGB (default),Attention (tuned),0.416807888570512,0.5774610871198732,-0.16065319854936116,-0.2041300766189036,-0.11108349643795,0,0
sens,XGB (default),DT,0.416807888570512,0.5720868242450072,-0.1552789356744952,-0.21973458075950458,-0.08438214454680275,0,0
sens,XGB (default),LGB (default),0.416807888570512,0.295264934794256,0.12154295377625604,0.10125638485963741,0.14276890640392428,1,0
sens,XGB (default),LGB (tuned),0.416807888570512,0.28132076269192074,0.13548712587859124,0.11084716690716617,0.15934431224336357,1,0
sens,XGB (default),LR,0.416807888570512,0.625122582394644,-0.20831469382413206,-0.2560895454794041,-0.16322416528812567,0,0
sens,XGB (default),RF (default),0.416807888570512,0.22392764833193204,0.19288024023857997,0.16136176139803607,0.22894789444199826,1,0
sens,XGB (default),RF (tuned),0.416807888570512,0.23994917432064294,0.17685871424986904,0.07315516213966282,0.27454504320220524,0.999,0.002
sens,XGB (default),Transformer,0.416807888570512,0.6905720506484329,-0.2737641620779208,-0.32101118268403706,-0.22757625841128645,0,0
sens,XGB (default),XGB (tuned),0.416807888570512,0.593085812791088,-0.17627792422057595,-0.2731675760222658,-0.0712742902226617,0.001,0.002
sens,XGB (tuned),Attention (default),0.593085812791088,0.5210397038210448,0.07204610897004309,-0.023298208525806788,0.16699944113642895,0.924,0.152
sens,XGB (tuned),Attention (tuned),0.593085812791088,0.5774610871198732,0.015624725671214779,-0.08166707623373885,0.13677543763731909,0.618,0.764
sens,XGB (tuned),DT,0.593085812791088,0.5720868242450072,0.020998988546080764,-0.08408713746392447,0.11406259275052331,0.684,0.632
sens,XGB (tuned),LGB (default),0.593085812791088,0.295264934794256,0.297820877996832,0.1965905452643506,0.40446412211946003,1,0
sens,XGB (tuned),LGB (tuned),0.593085812791088,0.28132076269192074,0.31176505009916716,0.21613087435545716,0.4199491473086059,1,0
sens,XGB (tuned),LR,0.593085812791088,0.625122582394644,-0.032036769603556135,-0.1353657202685248,0.06111964830066365,0.245,0.49
sens,XGB (tuned),RF (default),0.593085812791088,0.22392764833193204,0.3691581644591559,0.27182581963162816,0.4741011747901463,1,0
sens,XGB (tuned),RF (tuned),0.593085812791088,0.23994917432064294,0.353136638470445,0.3160007564863017,0.3997778597650343,1,0
sens,XGB (tuned),Transformer,0.593085812791088,0.6905720506484329,-0.09748623785734488,-0.17955923285065795,-0.008824946775109779,0.016,0.032
sens,XGB (tuned),XGB (default),0.593085812791088,0.416807888570512,0.17627792422057595,0.08366289798884155,0.27310191605590717,0.999,0.002
spec,Attention (default),Attention (tuned),0.697892351125697,0.6617741694906961,0.036118181635000884,0.0044744866879057555,0.06865682677208743,0.988,0.024
spec,Attention (default),DT,0.697892351125697,0.6594924504466674,0.03839990067902968,-0.016375325841821387,0.08738328664328396,0.926,0.148
spec,Attention (default),LGB (default),0.697892351125697,0.8841180632237827,-0.18622571209808575,-0.21474650931643438,-0.15904117735738854,0,0
spec,Attention (default),LGB (tuned),0.697892351125697,0.8925126293097632,-0.19462027818406613,-0.22294319317150557,-0.16270985039084707,0,0
spec,Attention (default),LR,0.697892351125697,0.6425359884870512,0.055356362638645865,0.010127283026552842,0.10414134456504252,0.993,0.014
spec,Attention (default),RF (default),0.697892351125697,0.9314267557789168,-0.23353440465321978,-0.2586091236663896,-0.21186476375308086,0,0
spec,Attention (default),RF (tuned),0.697892351125697,0.915371625993825,-0.21747927486812804,-0.26807458397625117,-0.16781226315997458,0,0
spec,Attention (default),Transformer,0.697892351125697,0.5039615937071629,0.19393075741853408,0.16361209729523365,0.2215047315220933,1,0
spec,Attention (default),XGB (default),0.697892351125697,0.8138069409247455,-0.11591458979904844,-0.14814986242471156,-0.08230571443191159,0,0
spec,Attention (default),XGB (tuned),0.697892351125697,0.691742058255574,0.006150292870122981,-0.06640135650682084,0.0803005623751706,0.554,0.892
spec,Attention (tuned),Attention (default),0.6617741694906961,0.697892351125697,-0.036118181635000884,-0.06865116735800163,-0.004114262953186158,0.011,0.022
spec,Attention (tuned),DT,0.6617741694906961,0.6594924504466674,0.002281719044028806,-0.05609314147344248,0.04943167157135413,0.542,0.916
spec,Attention (tuned),LGB (default),0.6617741694906961,0.8841180632237827,-0.22234389373308663,-0.2553441142351172,-0.19055339121771908,0,0
spec,Attention (tuned),LGB (tuned),0.6617741694906961,0.8925126293097632,-0.23073845981906702,-0.26666632890786984,-0.19786520085797418,0,0
spec,Attention (tuned),LR,0.6617741694906961,0.6425359884870512,0.019238181003644973,-0.03479155304323383,0.07497500667048354,0.75,0.5
spec,Attention (tuned),RF (default),0.6617741694906961,0.9314267557789168,-0.26965258628822064,-0.3020404246854498,-0.2346125977161184,0,0
spec,Attention (tuned),RF (tuned),0.6617741694906961,0.915371625993825,-0.2535974565031289,-0.3098205211964796,-0.19426443211313602,0,0
spec,Attention (tuned),Transformer,0.6617741694906961,0.5039615937071629,0.1578125757835332,0.11463440384822078,0.19956019861309232,1,0
spec,Attention (tuned),XGB (default),0.6617741694906961,0.8138069409247455,-0.15203277143404934,-0.1843038865784092,-0.11596912828793249,0,0
spec,Attention (tuned),XGB (tuned),0.6617741694906961,0.691742058255574,-0.02996788876487791,-0.10490205103519121,0.05551927400127336,0.231,0.462
spec,DT,Attention (default),0.6594924504466674,0.697892351125697,-0.03839990067902968,-0.08497572199978559,0.01425887740303802,0.069,0.138
spec,DT,Attention (tuned),0.6594924504466674,0.6617741694906961,-0.002281719044028806,-0.05680312894074441,0.048829400337675674,0.455,0.91
spec,DT,LGB (default),0.6594924504466674,0.8841180632237827,-0.22462561277711543,-0.2771964376754621,-0.17361657228272595,0,0
spec,DT,LGB (tuned),0.6594924504466674,0.8925126293097632,-0.2330201788630958,-0.28441759288939017,-0.1753816874229516,0,0
spec,DT,LR,0.6594924504466674,0.6425359884870512,0.016956461959616163,-0.027620056653475007,0.06627981476966527,0.764,0.472
spec,DT,RF (default),0.6594924504466674,0.9314267557789168,-0.27193430533224944,-0.3227457165755255,-0.22522823527825658,0,0
spec,DT,RF (tuned),0.6594924504466674,0.915371625993825,-0.2558791755471577,-0.32809060703425097,-0.18347051832721534,0,0
spec,DT,Transformer,0.6594924504466674,0.5039615937071629,0.1555308567395044,0.09059977814128191,0.220403849588188,1,0
spec,DT,XGB (default),0.6594924504466674,0.8138069409247455,-0.15431449047807813,-0.20463883406416045,-0.10080136433338144,0,0
spec,DT,XGB (tuned),0.6594924504466674,0.691742058255574,-0.0322496078089067,-0.12952842877231832,0.061580983665512366,0.24,0.48
spec,LGB (default),Attention (default),0.8841180632237827,0.697892351125697,0.18622571209808575,0.1556624654371883,0.21535155374852777,1,0
spec,LGB (default),Attention (tuned),0.8841180632237827,0.6617741694906961,0.22234389373308663,0.18880049919292657,0.25520037945381957,1,0
spec,LGB (default),DT,0.8841180632237827,0.6594924504466674,0.22462561277711543,0.16848965162250315,0.27424436527560236,1,0
spec,LGB (default),LGB (tuned),0.8841180632237827,0.8925126293097632,-0.008394566085980373,-0.013119811512638933,-0.003372839031748963,0,0
spec,LGB (default),LR,0.8841180632237827,0.6425359884870512,0.2415820747367316,0.1959647527897659,0.28108680613952736,1,0
spec,LGB (default),RF (default),0.8841180632237827,0.9314267557789168,-0.04730869255513403,-0.06297646029869423,-0.03437041048203122,0,0
spec,LGB (default),RF (tuned),0.8841180632237827,0.915371625993825,-0.031253562770042286,-0.0784648346880347,0.016926978066432792,0.11,0.22
spec,LGB (default),Transformer,0.8841180632237827,0.5039615937071629,0.38015646951661985,0.3408607212302395,0.423873755087797,1,0
spec,LGB (default),XGB (default),0.8841180632237827,0.8138069409247455,0.07031112229903731,0.059144419798065194,0.08269569407555918,1,0
spec,LGB (default),XGB (tuned),0.8841180632237827,0.691742058255574,0.19237600496820875,0.12465592413458601,0.2696880554075243,1,0
spec,LGB (tuned),Attention (default),0.8925126293097632,0.697892351125697,0.19462027818406613,0.16475400688510378,0.221235131726046,1,0
spec,LGB (tuned),Attention (tuned),0.8925126293097632,0.6617741694906961,0.23073845981906702,0.19556774727993226,0.26269006848763343,1,0
spec,LGB (tuned),DT,0.8925126293097632,0.6594924504466674,0.2330201788630958,0.18051226660261016,0.2848584105436511,1,0
spec,LGB (tuned),LGB (default),0.8925126293097632,0.8841180632237827,0.008394566085980373,0.003690060238229488,0.01315381193713299,0.999,0.002
spec,LGB (tuned),LR,0.8925126293097632,0.6425359884870512,0.24997664082271198,0.20553990801855768,0.2926441224060336,1,0
spec,LGB (tuned),RF (default),0.8925126293097632,0.9314267557789168,-0.038914126469153654,-0.05329645610530156,-0.026272077507228132,0,0
spec,LGB (tuned),RF (tuned),0.8925126293097632,0.915371625993825,-0.022858996684061914,-0.0744802600643468,0.03229693946963375,0.19,0.38
spec,LGB (tuned),Transformer,0.8925126293097632,0.5039615937071629,0.38855103560260024,0.3535014224854987,0.4239280089679858,1,0
spec,LGB (tuned),XGB (default),0.8925126293097632,0.8138069409247455,0.07870568838501768,0.06752975362736832,0.09071740093378816,1,0
spec,LGB (tuned),XGB (tuned),0.8925126293097632,0.691742058255574,0.2007705710541891,0.13373784260384827,0.27164108212420973,1,0
spec,LR,Attention (default),0.6425359884870512,0.697892351125697,-0.055356362638645865,-0.10017862622739757,-0.011065148537498024,0.008,0.016
spec,LR,Attention (tuned),0.6425359884870512,0.6617741694906961,-0.019238181003644973,-0.08173307831832718,0.03188890641872162,0.246,0.492
spec,LR,DT,0.6425359884870512,0.6594924504466674,-0.016956461959616163,-0.06696377845408706,0.03027917306430837,0.238,0.476
spec,LR,LGB (default),0.6425359884870512,0.8841180632237827,-0.2415820747367316,-0.2817715323960283,-0.194262446410959,0,0
spec,LR,LGB (tuned),0.6425359884870512,0.8925126293097632,-0.24997664082271198,-0.2921804559487048,-0.2062865275480303,0,0
spec,LR,RF (default),0.6425359884870512,0.9314267557789168,-0.28889076729186564,-0.3316613561818945,-0.2501700626402009,0,0
spec,LR,RF (tuned),0.6425359884870512,0.915371625993825,-0.27283563750677386,-0.3454047348523311,-0.20019891272440576,0,0
spec,LR,Transformer,0.6425359884870512,0.5039615937071629,0.13857439477988823,0.07704570169369923,0.20279731731515402,1,0
spec,LR,XGB (default),0.6425359884870512,0.8138069409247455,-0.1712709524376943,-0.21351869972305149,-0.1274153419922459,0,0
spec,LR,XGB (tuned),0.6425359884870512,0.691742058255574,-0.04920606976852287,-0.13453843113209732,0.03628337548412527,0.128,0.256
spec,RF (default),Attention (default),0.9314267557789168,0.697892351125697,0.23353440465321978,0.20876103196943632,0.2572365462253626,1,0
spec,RF (default),Attention (tuned),0.9314267557789168,0.6617741694906961,0.26965258628822064,0.23272100137739207,0.3029045623430608,1,0
spec,RF (default),DT,0.9314267557789168,0.6594924504466674,0.27193430533224944,0.22083417570401082,0.3249672745700641,1,0
spec,RF (default),LGB (default),0.9314267557789168,0.8841180632237827,0.04730869255513403,0.03358650378687367,0.06339574057206063,1,0
spec,RF (default),LGB (tuned),0.9314267557789168,0.8925126293097632,0.038914126469153654,0.025543612599863243,0.05414971056271606,1,0
spec,RF (default),LR,0.9314267557789168,0.6425359884870512,0.28889076729186564,0.24640661219699792,0.3301638772366509,1,0
spec,RF (default),RF (tuned),0.9314267557789168,0.915371625993825,0.016055129785091746,-0.02957576315465984,0.06305872442807502,0.764,0.472
spec,RF (default),Transformer,0.9314267557789168,0.5039615937071629,0.4274651620717539,0.387320124328369,0.4657461385974874,1,0
spec,RF (default),XGB (default),0.9314267557789168,0.8138069409247455,0.11761981485417133,0.09625358906291964,0.14214049237288012,1,0
spec,RF (default),XGB (tuned),0.9314267557789168,0.691742058255574,0.23968469752334276,0.16912838232624253,0.3123838463785658,1,0
spec,RF (tuned),Attention (default),0.915371625993825,0.697892351125697,0.21747927486812804,0.16957592400694804,0.2666171662787565,1,0
spec,RF (tuned),Attention (tuned),0.915371625993825,0.6617741694906961,0.2535974565031289,0.19241194925797467,0.3092141486491797,1,0
spec,RF (tuned),DT,0.915371625993825,0.6594924504466674,0.2558791755471577,0.17299770310658064,0.3345531673855033,1,0
spec,RF (tuned),LGB (default),0.915371625993825,0.8841180632237827,0.031253562770042286,-0.01751128033243397,0.0760832790619286,0.889,0.222
spec,RF (tuned),LGB (tuned),0.915371625993825,0.8925126293097632,0.022858996684061914,-0.03070894805409372,0.07222119709053088,0.808,0.384
spec,RF (tuned),LR,0.915371625993825,0.6425359884870512,0.27283563750677386,0.1954080909458264,0.3370721118581111,1,0
spec,RF (tuned),RF (default),0.915371625993825,0.9314267557789168,-0.016055129785091746,-0.058238402313713494,0.02748998222174716,0.27,0.54
spec,RF (tuned),Transformer,0.915371625993825,0.5039615937071629,0.4114100322866621,0.36176130193041783,0.4618654229969987,1,0
spec,RF (tuned),XGB (default),0.915371625993825,0.8138069409247455,0.10156468506907959,0.042520029181044014,0.15508431914998594,0.999,0.002
spec,RF (tuned),XGB (tuned),0.915371625993825,0.691742058255574,0.22362956773825102,0.1888014692921059,0.2622017190024995,1,0
spec,Transformer,Attention (default),0.5039615937071629,0.697892351125697,-0.19393075741853408,-0.21867520494714257,-0.16156159022343827,0,0
spec,Transformer,Attention (tuned),0.5039615937071629,0.6617741694906961,-0.1578125757835332,-0.19843639148826298,-0.11678804505767673,0,0
spec,Transformer,DT,0.5039615937071629,0.6594924504466674,-0.1555308567395044,-0.22318859716307338,-0.09131319152214856,0,0
spec,Transformer,LGB (default),0.5039615937071629,0.8841180632237827,-0.38015646951661985,-0.4165496831263934,-0.3441555477106461,0,0
spec,Transformer,LGB (tuned),0.5039615937071629,0.8925126293097632,-0.38855103560260024,-0.42430159338357676,-0.35258100934023384,0,0
spec,Transformer,LR,0.5039615937071629,0.6425359884870512,-0.13857439477988823,-0.205731997452153,-0.08001185798972943,0,0
spec,Transformer,RF (default),0.5039615937071629,0.9314267557789168,-0.4274651620717539,-0.46593195298551515,-0.38880858268681995,0,0
spec,Transformer,RF (tuned),0.5039615937071629,0.915371625993825,-0.4114100322866621,-0.46526981426230746,-0.3638463699006193,0,0
spec,Transformer,XGB (default),0.5039615937071629,0.8138069409247455,-0.30984534721758256,-0.3471310359330746,-0.27137130663421893,0,0
spec,Transformer,XGB (tuned),0.5039615937071629,0.691742058255574,-0.1877804645484111,-0.2610221267992466,-0.11000024191904226,0,0
spec,XGB (default),Attention (default),0.8138069409247455,0.697892351125697,0.11591458979904844,0.0790896015737221,0.14543716251997754,1,0
spec,XGB (default),Attention (tuned),0.8138069409247455,0.6617741694906961,0.15203277143404934,0.1167373589681118,0.18812060930203592,1,0
spec,XGB (default),DT,0.8138069409247455,0.6594924504466674,0.15431449047807813,0.10231698343337552,0.2087776119616975,1,0
spec,XGB (default),LGB (default),0.8138069409247455,0.8841180632237827,-0.07031112229903731,-0.08200314502246474,-0.059346733177808524,0,0
spec,XGB (default),LGB (tuned),0.8138069409247455,0.8925126293097632,-0.07870568838501768,-0.09134795622315615,-0.06681552301429708,0,0
spec,XGB (default),LR,0.8138069409247455,0.6425359884870512,0.1712709524376943,0.12720846854224535,0.2080277904064345,1,0
spec,XGB (default),RF (default),0.8138069409247455,0.9314267557789168,-0.11761981485417133,-0.1427498182830224,-0.09408667608828734,0,0
spec,XGB (default),RF (tuned),0.8138069409247455,0.915371625993825,-0.10156468506907959,-0.15843287272659112,-0.04431065399204288,0.001,0.002
spec,XGB (default),Transformer,0.8138069409247455,0.5039615937071629,0.30984534721758256,0.2715476526032945,0.34826286974653314,1,0
spec,XGB (default),XGB (tuned),0.8138069409247455,0.691742058255574,0.12206488266917143,0.046751815291585765,0.198456079231359,1,0
spec,XGB (tuned),Attention (default),0.691742058255574,0.697892351125697,-0.006150292870122981,-0.08010289219584546,0.0631196952413381,0.438,0.876
spec,XGB (tuned),Attention (tuned),0.691742058255574,0.6617741694906961,0.02996788876487791,-0.05856424911792802,0.1069182992061841,0.766,0.468
spec,XGB (tuned),DT,0.691742058255574,0.6594924504466674,0.0322496078089067,-0.06521239679683691,0.13380192294217064,0.728,0.544
spec,XGB (tuned),LGB (default),0.691742058255574,0.8841180632237827,-0.19237600496820875,-0.26662795686456264,-0.11634266133742784,0,0
spec,XGB (tuned),LGB (tuned),0.691742058255574,0.8925126293097632,-0.2007705710541891,-0.2717387808916192,-0.13177249800296445,0,0
spec,XGB (tuned),LR,0.691742058255574,0.6425359884870512,0.04920606976852287,-0.03519229306677736,0.1363228751249836,0.873,0.254
spec,XGB (tuned),RF (default),0.691742058255574,0.9314267557789168,-0.23968469752334276,-0.3126267036446151,-0.17375682414374916,0,0
spec,XGB (tuned),RF (tuned),0.691742058255574,0.915371625993825,-0.22362956773825102,-0.2622320308435644,-0.18545922987547178,0,0
spec,XGB (tuned),Transformer,0.691742058255574,0.5039615937071629,0.1877804645484111,0.11264087300827667,0.25905274403396344,1,0
spec,XGB (tuned),XGB (default),0.691742058255574,0.8138069409247455,-0.12206488266917143,-0.20575833906326424,-0.04606930443930128,0,0
bal_acc,Attention (default),Attention (tuned),0.609466027473371,0.6196176283052847,-0.010151600831913694,-0.025509019837791184,0.00340287366235298,0.071,0.142
bal_acc,Attention (default),DT,0.609466027473371,0.6157896373458372,-0.006323609872466304,-0.02714595155546664,0.014800749930874187,0.286,0.572
bal_acc,Attention (default),LGB (default),0.609466027473371,0.5896914990090194,0.019774528464351578,8.119712650749236e-4,0.03786513025661859,0.98,0.04
bal_acc,Attention (default),LGB (tuned),0.609466027473371,0.586916696000842,0.022549331472529015,-0.0031663724021428856,0.04115481310040102,0.965,0.07
bal_acc,Attention (default),LR,0.609466027473371,0.6338292854408476,-0.02436325796747666,-0.04154535696703882,-0.008207490583422987,0.001,0.002
bal_acc,Attention (default),RF (default),0.609466027473371,0.5776772020554244,0.03178882541794653,0.010290466974911662,0.051520668823503014,0.997,0.006
bal_acc,Attention (default),RF (tuned),0.609466027473371,0.577660400157234,0.03180562731613695,-4.577836968199709e-4,0.06595007760143147,0.973,0.054
bal_acc,Attention (default),Transformer,0.609466027473371,0.5972668221777979,0.012199205295573076,-0.001494528963510446,0.026451618945900864,0.952,0.096
bal_acc,Attention (default),XGB (default),0.609466027473371,0.6153074147476287,-0.005841387274257779,-0.01939940903609766,0.00720537794738088,0.203,0.406
bal_acc,Attention (default),XGB (tuned),0.609466027473371,0.6424139355233309,-0.03294790804996002,-0.0713887742067877,0.008598116585528774,0.052,0.104
bal_acc,Attention (tuned),Attention (default),0.6196176283052847,0.609466027473371,0.010151600831913694,-0.0035460198443393732,0.024529933069379742,0.919,0.162
bal_acc,Attention (tuned),DT,0.6196176283052847,0.6157896373458372,0.0038279909594473916,-0.017312125731523742,0.025324354282050928,0.625,0.75
bal_acc,Attention (tuned),LGB (default),0.6196176283052847,0.5896914990090194,0.02992612929626527,0.01633171579093107,0.04239235589095122,1,0
bal_acc,Attention (tuned),LGB (tuned),0.6196176283052847,0.586916696000842,0.03270093230444271,0.018380101875482065,0.048059831560079015,1,0
bal_acc,Attention (tuned),LR,0.6196176283052847,0.6338292854408476,-0.01421165713556297,-0.034938589255385566,0.004841429459047387,0.074,0.148
bal_acc,Attention (tuned),RF (default),0.6196176283052847,0.5776772020554244,0.041940426249860226,0.02757576098443748,0.05696210365514559,1,0
bal_acc,Attention (tuned),RF (tuned),0.6196176283052847,0.577660400157234,0.041957228148050654,0.006769338133712135,0.07727809975689423,0.99,0.02
bal_acc,Attention (tuned),Transformer,0.6196176283052847,0.5972668221777979,0.022350806127486765,0.00635838741736151,0.037996105590414525,0.998,0.004
bal_acc,Attention (tuned),XGB (default),0.6196176283052847,0.6153074147476287,0.004310213557655913,-0.007477652124135241,0.016609144181569047,0.789,0.422
bal_acc,Attention (tuned),XGB (tuned),0.6196176283052847,0.6424139355233309,-0.022796307218046336,-0.06072396347165542,0.018173293216572153,0.14,0.28
bal_acc,DT,Attention (default),0.6157896373458372,0.609466027473371,0.006323609872466304,-0.014489231695227478,0.02754041279197319,0.721,0.558
bal_acc,DT,Attention (tuned),0.6157896373458372,0.6196176283052847,-0.0038279909594473916,-0.025177156399652147,0.01806698324858478,0.369,0.738
bal_acc,DT,LGB (default),0.6157896373458372,0.5896914990090194,0.026098138336817883,-7.819480416430876e-4,0.052901342779100025,0.973,0.054
bal_acc,DT,LGB (tuned),0.6157896373458372,0.586916696000842,0.028872941344995316,0.0023700213690782163,0.055216127381954055,0.983,0.034
bal_acc,DT,LR,0.6157896373458372,0.6338292854408476,-0.01803964809501036,-0.03748874916599199,-5.189522137453155e-4,0.021,0.042
bal_acc,DT,RF (default),0.6157896373458372,0.5776772020554244,0.03811243529041284,0.010585463317882479,0.06872801259313083,0.995,0.01
bal_acc,DT,RF (tuned),0.6157896373458372,0.577660400157234,0.038129237188603254,0.009059284812027767,0.0677679441323044,0.997,0.006
bal_acc,DT,Transformer,0.6157896373458372,0.5972668221777979,0.01852281516803938,-0.006027706084930706,0.0401572499569483,0.938,0.124
bal_acc,DT,XGB (default),0.6157896373458372,0.6153074147476287,4.8222259820852284e-4,-0.020727790235141746,0.019235414341529648,0.526,0.948
bal_acc,DT,XGB (tuned),0.6157896373458372,0.6424139355233309,-0.02662429817749372,-0.06286556826164548,0.014169299871709794,0.093,0.186
bal_acc,LGB (default),Attention (default),0.5896914990090194,0.609466027473371,-0.019774528464351578,-0.03762295162361902,0.001058480682109583,0.03,0.06
bal_acc,LGB (default),Attention (tuned),0.5896914990090194,0.6196176283052847,-0.02992612929626527,-0.04253776835058537,-0.0175405879166158,0,0
bal_acc,LGB (default),DT,0.5896914990090194,0.6157896373458372,-0.026098138336817883,-0.053141531851268575,2.7848512461981574e-4,0.027,0.054
bal_acc,LGB (default),LGB (tuned),0.5896914990090194,0.586916696000842,0.0027748030081774402,-0.003045095561046232,0.008229396890335871,0.836,0.328
bal_acc,LGB (default),LR,0.5896914990090194,0.6338292854408476,-0.04413778643182824,-0.0653035794826763,-0.022069242870140504,0,0
bal_acc,LGB (default),RF (default),0.5896914990090194,0.5776772020554244,0.012014296953594957,0.0019461996175156183,0.022691816105779205,0.99,0.02
bal_acc,LGB (default),RF (tuned),0.5896914990090194,0.577660400157234,0.012031098851785372,-0.020594531764117394,0.046242026585250756,0.761,0.478
bal_acc,LGB (default),Transformer,0.5896914990090194,0.5972668221777979,-0.0075753231687785035,-0.029509657655525684,0.01492507871609561,0.26,0.52
bal_acc,LGB (default),XGB (default),0.5896914990090194,0.6153074147476287,-0.025615915738609357,-0.03852999395944728,-0.01419848925743819,0,0
bal_acc,LGB (default),XGB (tuned),0.5896914990090194,0.6424139355233309,-0.052722436514311605,-0.0858082208068762,-0.01625282051308424,0.004,0.008
bal_acc,LGB (tuned),Attention (default),0.586916696000842,0.609466027473371,-0.022549331472529015,-0.04217275126545369,7.517839770213214e-4,0.027,0.054
bal_acc,LGB (tuned),Attention (tuned),0.586916696000842,0.6196176283052847,-0.03270093230444271,-0.04742896289786931,-0.01754839587863431,0,0
bal_acc,LGB (tuned),DT,0.586916696000842,0.6157896373458372,-0.028872941344995316,-0.05580060437973493,-0.002431533635262324,0.019,0.038
bal_acc,LGB (tuned),LGB (default),0.586916696000842,0.5896914990090194,-0.0027748030081774402,-0.00800139407458779,0.002845989533846942,0.153,0.306
bal_acc,LGB (tuned),LR,0.586916696000842,0.6338292854408476,-0.046912589440005675,-0.06727893561511061,-0.02383885278769413,0,0
bal_acc,LGB (tuned),RF (default),0.586916696000842,0.5776772020554244,0.00923949394541752,-4.314441938625637e-4,0.01940667238593622,0.966,0.068
bal_acc,LGB (tuned),RF (tuned),0.586916696000842,0.577660400157234,0.009256295843607942,-0.02144863263667311,0.04219152248354946,0.701,0.598
bal_acc,LGB (tuned),Transformer,0.586916696000842,0.5972668221777979,-0.010350126176955942,-0.033077745990474285,0.01397288073850325,0.2,0.4
bal_acc,LGB (tuned),XGB (default),0.586916696000842,0.6153074147476287,-0.028390718746786798,-0.04183232717218137,-0.01325772344205672,0,0
bal_acc,LGB (tuned),XGB (tuned),0.586916696000842,0.6424139355233309,-0.055497239522489035,-0.08856495801446947,-0.015874610795583284,0.005,0.01
bal_acc,LR,Attention (default),0.6338292854408476,0.609466027473371,0.02436325796747666,0.007425658344006179,0.041977433530977666,1,0
bal_acc,LR,Attention (tuned),0.6338292854408476,0.6196176283052847,0.01421165713556297,-0.005499515644905224,0.03428710376113327,0.924,0.152
bal_acc,LR,DT,0.6338292854408476,0.6157896373458372,0.01803964809501036,0.0010336075997789955,0.038175846563213205,0.979,0.042
bal_acc,LR,LGB (default),0.6338292854408476,0.5896914990090194,0.04413778643182824,0.021757495739228937,0.06597166743763792,1,0
bal_acc,LR,LGB (tuned),0.6338292854408476,0.586916696000842,0.046912589440005675,0.02250643450671137,0.06916733729553025,1,0
bal_acc,LR,RF (default),0.6338292854408476,0.5776772020554244,0.0561520833854232,0.02838305878765527,0.0837038389467691,1,0
bal_acc,LR,RF (tuned),0.6338292854408476,0.577660400157234,0.056168885283613613,0.02397968680328222,0.0893608948185632,1,0
bal_acc,LR,Transformer,0.6338292854408476,0.5972668221777979,0.03656246326304974,0.020588676747121146,0.053868967341928274,1,0
bal_acc,LR,XGB (default),0.6338292854408476,0.6153074147476287,0.01852187069321888,0.0019522635509885786,0.03465098428820277,0.987,0.026
bal_acc,LR,XGB (tuned),0.6338292854408476,0.6424139355233309,-0.00858465008248336,-0.04981383260079714,0.033017369657331985,0.34,0.68
bal_acc,RF (default),Attention (default),0.5776772020554244,0.609466027473371,-0.03178882541794653,-0.052545726149780994,-0.008752391863430378,0.007,0.014
bal_acc,RF (default),Attention (tuned),0.5776772020554244,0.6196176283052847,-0.041940426249860226,-0.0577751913156162,-0.026548690326405635,0,0
bal_acc,RF (default),DT,0.5776772020554244,0.6157896373458372,-0.03811243529041284,-0.06699482480392305,-0.01098411998476442,0.003,0.006
bal_acc,RF (default),LGB (default),0.5776772020554244,0.5896914990090194,-0.012014296953594957,-0.022700872851213076,-0.0022226763792934155,0.007,0.014
bal_acc,RF (default),LGB (tuned),0.5776772020554244,0.586916696000842,-0.00923949394541752,-0.019025645474328785,2.9192722276952536e-4,0.028,0.056
bal_acc,RF (default),LR,0.5776772020554244,0.6338292854408476,-0.0561520833854232,-0.08196652400265668,-0.029399873246119774,0,0
bal_acc,RF (default),RF (tuned),0.5776772020554244,0.577660400157234,1.6801898190416138e-5,-0.030639651265362215,0.02971386760376679,0.501,0.998
bal_acc,RF (default),Transformer,0.5776772020554244,0.5972668221777979,-0.01958962012237346,-0.0462472563456362,0.006490554890654944,0.075,0.15
bal_acc,RF (default),XGB (default),0.5776772020554244,0.6153074147476287,-0.03763021269220431,-0.05614131166230623,-0.01930993977382101,0,0
bal_acc,RF (default),XGB (tuned),0.5776772020554244,0.6424139355233309,-0.06473673346790655,-0.09479956889291041,-0.027260277871702304,0,0
bal_acc,RF (tuned),Attention (default),0.577660400157234,0.609466027473371,-0.03180562731613695,-0.065064031464663,2.547027118762036e-4,0.026,0.052
bal_acc,RF (tuned),Attention (tuned),0.577660400157234,0.6196176283052847,-0.041957228148050654,-0.07830582569891265,-0.0056081282097254345,0.009,0.018
bal_acc,RF (tuned),DT,0.577660400157234,0.6157896373458372,-0.038129237188603254,-0.07091650837923354,-0.008639769319464202,0.007,0.014
bal_acc,RF (tuned),LGB (default),0.577660400157234,0.5896914990090194,-0.012031098851785372,-0.044155390517935864,0.021932580290149602,0.254,0.508
bal_acc,RF (tuned),LGB (tuned),0.577660400157234,0.586916696000842,-0.009256295843607942,-0.041393019405149015,0.023866661169808935,0.281,0.562
bal_acc,RF (tuned),LR,0.577660400157234,0.6338292854408476,-0.056168885283613613,-0.08829021196597167,-0.023381793298913683,0,0
bal_acc,RF (tuned),RF (default),0.577660400157234,0.5776772020554244,-1.6801898190416138e-5,-0.029028738509720476,0.03114949149095936,0.508,0.984
bal_acc,RF (tuned),Transformer,0.577660400157234,0.5972668221777979,-0.019606422020563875,-0.06365229939608742,0.016390208982694863,0.165,0.33
bal_acc,RF (tuned),XGB (default),0.577660400157234,0.6153074147476287,-0.03764701459039474,-0.07142524458120458,-0.004369570190124799,0.012,0.024
bal_acc,RF (tuned),XGB (tuned),0.577660400157234,0.6424139355233309,-0.06475353536609699,-0.09321260201581334,-0.03685523615568537,0,0
bal_acc,Transformer,Attention (default),0.5972668221777979,0.609466027473371,-0.012199205295573076,-0.02745480494691234,0.0030548799832369666,0.06,0.12
bal_acc,Transformer,Attention (tuned),0.5972668221777979,0.6196176283052847,-0.022350806127486765,-0.03864897098595718,-0.006748626165987499,0.002,0.004
bal_acc,Transformer,DT,0.5972668221777979,0.6157896373458372,-0.01852281516803938,-0.03917859432254809,0.00534511564808338,0.068,0.136
bal_acc,Transformer,LGB (default),0.5972668221777979,0.5896914990090194,0.0075753231687785035,-0.014038652335226826,0.027259594022024148,0.776,0.448
bal_acc,Transformer,LGB (tuned),0.5972668221777979,0.586916696000842,0.010350126176955942,-0.013787584232867309,0.03290388095773972,0.793,0.414
bal_acc,Transformer,LR,0.5972668221777979,0.6338292854408476,-0.03656246326304974,-0.05288657394244628,-0.018912905085336832,0,0
bal_acc,Transformer,RF (default),0.5972668221777979,0.5776772020554244,0.01958962012237346,-0.006440838985569054,0.04596342642322032,0.929,0.142
bal_acc,Transformer,RF (tuned),0.5972668221777979,0.577660400157234,0.019606422020563875,-0.016207519159327676,0.060572725341118676,0.832,0.336
bal_acc,Transformer,XGB (default),0.5972668221777979,0.6153074147476287,-0.018040592569830854,-0.0315773735349374,-0.0029114243440117532,0.009,0.018
bal_acc,Transformer,XGB (tuned),0.5972668221777979,0.6424139355233309,-0.0451471133455331,-0.08704681665833353,0.001610077999242727,0.027,0.054
bal_acc,XGB (default),Attention (default),0.6153074147476287,0.609466027473371,0.005841387274257779,-0.007874028601447963,0.019494076955687098,0.782,0.436
bal_acc,XGB (default),Attention (tuned),0.6153074147476287,0.6196176283052847,-0.004310213557655913,-0.016931915201997313,0.006554347821614469,0.228,0.456
bal_acc,XGB (default),DT,0.6153074147476287,0.6157896373458372,-4.8222259820852284e-4,-0.021121819738783576,0.02026257591786689,0.465,0.93
bal_acc,XGB (default),LGB (default),0.6153074147476287,0.5896914990090194,0.025615915738609357,0.012548651341625241,0.03763222210037325,1,0
bal_acc,XGB (default),LGB (tuned),0.6153074147476287,0.586916696000842,0.028390718746786798,0.013803524056137132,0.04114928871817684,1,0
bal_acc,XGB (default),LR,0.6153074147476287,0.6338292854408476,-0.01852187069321888,-0.03600477959180456,-0.0029259769948362623,0.012,0.024
bal_acc,XGB (default),RF (default),0.6153074147476287,0.5776772020554244,0.03763021269220431,0.019526227245589663,0.05577870139248665,1,0
bal_acc,XGB (default),RF (tuned),0.6153074147476287,0.577660400157234,0.03764701459039474,0.00549472355286854,0.07330234118325936,0.987,0.026
bal_acc,XGB (default),Transformer,0.6153074147476287,0.5972668221777979,0.018040592569830854,0.004567324013616784,0.03130715616189163,0.994,0.012
bal_acc,XGB (default),XGB (tuned),0.6153074147476287,0.6424139355233309,-0.02710652077570225,-0.06375784044889869,0.014412409770949377,0.104,0.208
bal_acc,XGB (tuned),Attention (default),0.6424139355233309,0.609466027473371,0.03294790804996002,-0.009680885162163344,0.06934405071140173,0.938,0.124
bal_acc,XGB (tuned),Attention (tuned),0.6424139355233309,0.6196176283052847,0.022796307218046336,-0.021633568301785887,0.061117926196343667,0.872,0.256
bal_acc,XGB (tuned),DT,0.6424139355233309,0.6157896373458372,0.02662429817749372,-0.012633910367569397,0.06125122306105362,0.916,0.168
bal_acc,XGB (tuned),LGB (default),0.6424139355233309,0.5896914990090194,0.052722436514311605,0.015206118904910844,0.08975218408310584,0.997,0.006
bal_acc,XGB (tuned),LGB (tuned),0.6424139355233309,0.586916696000842,0.055497239522489035,0.014993177765623597,0.09032413243831731,0.995,0.01
bal_acc,XGB (tuned),LR,0.6424139355233309,0.6338292854408476,0.00858465008248336,-0.032945396280974835,0.05280821766385542,0.679,0.642
bal_acc,XGB (tuned),RF (default),0.6424139355233309,0.5776772020554244,0.06473673346790655,0.029684298803787337,0.09712027469878964,1,0
bal_acc,XGB (tuned),RF (tuned),0.6424139355233309,0.577660400157234,0.06475353536609699,0.037263138962562614,0.09350080854089907,1,0
bal_acc,XGB (tuned),Transformer,0.6424139355233309,0.5972668221777979,0.0451471133455331,-0.0016961105817093352,0.08800905911780645,0.972,0.056
bal_acc,XGB (tuned),XGB (default),0.6424139355233309,0.6153074147476287,0.02710652077570225,-0.011112446899930604,0.06337792639463674,0.923,0.154
auc,Attention (default),Attention (tuned),0.6424743201873028,0.669018109567849,-0.026543789380546294,-0.04719200406111642,-0.011552465893012677,0,0
auc,Attention (default),DT,0.6424743201873028,0.6493520645433802,-0.0068777443560775415,-0.03421530211153986,0.018875250479799353,0.303,0.606
auc,Attention (default),LGB (default),0.6424743201873028,0.6911813094401609,-0.04870698925285813,-0.06709371918943069,-0.028848819128018514,0,0
auc,Attention (default),LGB (tuned),0.6424743201873028,0.6956890004480711,-0.053214680260768456,-0.07427989264217533,-0.028421089052138793,0,0
auc,Attention (default),LR,0.6424743201873028,0.697409695539364,-0.05493537535206129,-0.08282902119532536,-0.029047010835782882,0,0
auc,Attention (default),RF (default),0.6424743201873028,0.6997190741347145,-0.05724475394741174,-0.08015638948114893,-0.03153328378328799,0,0
auc,Attention (default),RF (tuned),0.6424743201873028,0.6913806972321479,-0.04890637704484515,-0.09234586718515359,-4.3598726479828176e-4,0.024,0.048
auc,Attention (default),Transformer,0.6424743201873028,0.6455326519812696,-0.003058331793966939,-0.022306118807129766,0.015666104473386268,0.381,0.762
auc,Attention (default),XGB (default),0.6424743201873028,0.6932224749145043,-0.05074815472720154,-0.0709942913809114,-0.029660290224212096,0,0
auc,Attention (default),XGB (tuned),0.6424743201873028,0.7120839514106981,-0.06960963122339543,-0.11741752624885458,-0.018357513031734544,0.006,0.012
auc,Attention (tuned),Attention (default),0.669018109567849,0.6424743201873028,0.026543789380546294,0.009906744023025413,0.04642460497224273,1,0
auc,Attention (tuned),DT,0.669018109567849,0.6493520645433802,0.019666045024468753,-0.005816768004156559,0.04236374023944883,0.937,0.126
auc,Attention (tuned),LGB (default),0.669018109567849,0.6911813094401609,-0.022163199872311835,-0.042867582404456525,-0.002087821554414472,0.011,0.022
auc,Attention (tuned),LGB (tuned),0.669018109567849,0.6956890004480711,-0.02667089088022216,-0.04850232320636129,-0.005857392220585187,0.009,0.018
auc,Attention (tuned),LR,0.669018109567849,0.697409695539364,-0.028391585971514994,-0.05621757581205768,-0.005435313548867558,0.005,0.01
auc,Attention (tuned),RF (default),0.669018109567849,0.6997190741347145,-0.030700964566865448,-0.049695831661921284,-0.011043857734223403,0.001,0.002
auc,Attention (tuned),RF (tuned),0.669018109567849,0.6913806972321479,-0.022362587664298852,-0.07279045902800124,0.03159662683457632,0.187,0.374
auc,Attention (tuned),Transformer,0.669018109567849,0.6455326519812696,0.023485457586579363,0.0019197780372937942,0.04654801549006243,0.984,0.032
auc,Attention (tuned),XGB (default),0.669018109567849,0.6932224749145043,-0.024204365346655245,-0.04543079703569057,-0.003003557645555789,0.009,0.018
auc,Attention (tuned),XGB (tuned),0.669018109567849,0.7120839514106981,-0.04306584184284914,-0.0925601875374756,0.01367882846875293,0.067,0.134
auc,DT,Attention (default),0.6493520645433802,0.6424743201873028,0.0068777443560775415,-0.019941051232729406,0.03276778183855168,0.646,0.708
auc,DT,Attention (tuned),0.6493520645433802,0.669018109567849,-0.019666045024468753,-0.044244112555905456,0.002099467340091071,0.039,0.078
auc,DT,LGB (default),0.6493520645433802,0.6911813094401609,-0.04182924489678059,-0.06882327913994381,-0.01485180905586388,0.001,0.002
auc,DT,LGB (tuned),0.6493520645433802,0.6956890004480711,-0.046336935904690915,-0.07683731289682019,-0.02110202262264345,0.001,0.002
auc,DT,LR,0.6493520645433802,0.697409695539364,-0.04805763099598375,-0.0703504352216108,-0.028385082051010275,0,0
auc,DT,RF (default),0.6493520645433802,0.6997190741347145,-0.05036700959133421,-0.0761994503584725,-0.0227575645973622,0,0
auc,DT,RF (tuned),0.6493520645433802,0.6913806972321479,-0.04202863268876761,-0.0923981770442367,0.012804835605768955,0.066,0.132
auc,DT,Transformer,0.6493520645433802,0.6455326519812696,0.003819412562110607,-0.022677349101245844,0.03159019556040275,0.615,0.77
auc,DT,XGB (default),0.6493520645433802,0.6932224749145043,-0.043870410371124,-0.07024552966628989,-0.01894731234347469,0,0
auc,DT,XGB (tuned),0.6493520645433802,0.7120839514106981,-0.0627318868673179,-0.10795540224220425,-0.010250629813207637,0.014,0.028
auc,LGB (default),Attention (default),0.6911813094401609,0.6424743201873028,0.04870698925285813,0.029407816562694353,0.06793523524361111,1,0
auc,LGB (default),Attention (tuned),0.6911813094401609,0.669018109567849,0.022163199872311835,0.0014960819979529664,0.04404580427826114,0.982,0.036
auc,LGB (default),DT,0.6911813094401609,0.6493520645433802,0.04182924489678059,0.016543712466778427,0.06791669350801464,1,0
auc,LGB (default),LGB (tuned),0.6911813094401609,0.6956890004480711,-0.004507691007910328,-0.011995127651321245,0.003143139396510711,0.117,0.234
auc,LGB (default),LR,0.6911813094401609,0.697409695539364,-0.006228386099203165,-0.031499047729853985,0.01885038203503789,0.323,0.646
auc,LGB (default),RF (default),0.6911813094401609,0.6997190741347145,-0.008537764694553614,-0.020842322537315754,0.0033214572652930673,0.088,0.176
auc,LGB (default),RF (tuned),0.6911813094401609,0.6913806972321479,-1.9938779198701583e-4,-0.049553897191592554,0.05338594106898703,0.494,0.988
auc,LGB (default),Transformer,0.6911813094401609,0.6455326519812696,0.0456486574588912,0.026708605479107063,0.06409603807936047,1,0
auc,LGB (default),XGB (default),0.6911813094401609,0.6932224749145043,-0.0020411654743434093,-0.006950489220792852,0.0029681078050438157,0.231,0.462
auc,LGB (default),XGB (tuned),0.6911813094401609,0.7120839514106981,-0.020902641970537303,-0.07076976433799641,0.036112475988393886,0.207,0.414
auc,LGB (tuned),Attention (default),0.6956890004480711,0.6424743201873028,0.053214680260768456,0.029411902052693135,0.07616545792073665,1,0
auc,LGB (tuned),Attention (tuned),0.6956890004480711,0.669018109567849,0.02667089088022216,0.005641736146374719,0.04910137723087266,0.994,0.012
auc,LGB (tuned),DT,0.6956890004480711,0.6493520645433802,0.046336935904690915,0.019788461373919906,0.07268034966251025,1,0
auc,LGB (tuned),LGB (default),0.6956890004480711,0.6911813094401609,0.004507691007910328,-0.003096705022729706,0.011896433451616029,0.883,0.234
auc,LGB (tuned),LR,0.6956890004480711,0.697409695539364,-0.0017206950912928383,-0.02883128669164515,0.02385016390371989,0.463,0.926
auc,LGB (tuned),RF (default),0.6956890004480711,0.6997190741347145,-0.004030073686643285,-0.012982088365938357,0.005415020059062071,0.2,0.4
auc,LGB (tuned),RF (tuned),0.6956890004480711,0.6913806972321479,0.00430830321592331,-0.04558810463284941,0.05918674982631997,0.54,0.92
auc,LGB (tuned),Transformer,0.6956890004480711,0.6455326519812696,0.05015634846680152,0.03067550907029167,0.06984560695251349,1,0
auc,LGB (tuned),XGB (default),0.6956890004480711,0.6932224749145043,0.0024665255335669218,-0.005471320487611486,0.010467787724108894,0.739,0.522
auc,LGB (tuned),XGB (tuned),0.6956890004480711,0.7120839514106981,-0.016394950962626977,-0.06855278134106209,0.042011145548149324,0.255,0.51
auc,LR,Attention (default),0.697409695539364,0.6424743201873028,0.05493537535206129,0.030490632342532197,0.08073406597720144,1,0
auc,LR,Attention (tuned),0.697409695539364,0.669018109567849,0.028391585971514994,0.006987212060024771,0.056181553572201094,0.997,0.006
auc,LR,DT,0.697409695539364,0.6493520645433802,0.04805763099598375,0.028518584800353117,0.06876490546473854,1,0
auc,LR,LGB (default),0.697409695539364,0.6911813094401609,0.006228386099203165,-0.01713039462890216,0.03161328004009784,0.672,0.656
auc,LR,LGB (tuned),0.697409695539364,0.6956890004480711,0.0017206950912928383,-0.022682641644492973,0.028040428738920396,0.553,0.894
auc,LR,RF (default),0.697409695539364,0.6997190741347145,-0.0023093785953504503,-0.026218713739859466,0.024852880573185524,0.411,0.822
auc,LR,RF (tuned),0.697409695539364,0.6913806972321479,0.006028998307216139,-0.039875599791598784,0.06013432449614648,0.573,0.854
auc,LR,Transformer,0.697409695539364,0.6455326519812696,0.05187704355809436,0.02950313866899605,0.07417088245431118,1,0
auc,LR,XGB (default),0.697409695539364,0.6932224749145043,0.004187220624859757,-0.0195092679919995,0.029895278569109916,0.603,0.794
auc,LR,XGB (tuned),0.697409695539364,0.7120839514106981,-0.014674255871334148,-0.0663803748548705,0.03560078802216271,0.283,0.566
auc,RF (default),Attention (default),0.6997190741347145,0.6424743201873028,0.05724475394741174,0.03160458514586402,0.08103807512988732,1,0
auc,RF (default),Attention (tuned),0.6997190741347145,0.669018109567849,0.030700964566865448,0.011018935325350424,0.0506935155869055,1,0
auc,RF (default),DT,0.6997190741347145,0.6493520645433802,0.05036700959133421,0.022850712512563577,0.07828593619695279,1,0
auc,RF (default),LGB (default),0.6997190741347145,0.6911813094401609,0.008537764694553614,-0.004621458907349026,0.02023398534829086,0.91,0.18
auc,RF (default),LGB (tuned),0.6997190741347145,0.6956890004480711,0.004030073686643285,-0.004814974121064868,0.012713043433421065,0.814,0.372
auc,RF (default),LR,0.6997190741347145,0.697409695539364,0.0023093785953504503,-0.023915878030015752,0.027394386953141593,0.563,0.874
auc,RF (default),RF (tuned),0.6997190741347145,0.6913806972321479,0.008338376902566598,-0.04079018624089172,0.06239251253537326,0.594,0.812
auc,RF (default),Transformer,0.6997190741347145,0.6455326519812696,0.05418642215344481,0.032195628104036256,0.07813987586849559,1,0
auc,RF (default),XGB (default),0.6997190741347145,0.6932224749145043,0.0064965992202102064,-0.0059862129498141296,0.018815160674061464,0.849,0.302
auc,RF (default),XGB (tuned),0.6997190741347145,0.7120839514106981,-0.012364877275983698,-0.06078965314977143,0.039661286399332224,0.29,0.58
auc,RF (tuned),Attention (default),0.6913806972321479,0.6424743201873028,0.04890637704484515,6.884869338885882e-4,0.09927440411701621,0.976,0.048
auc,RF (tuned),Attention (tuned),0.6913806972321479,0.669018109567849,0.022362587664298852,-0.031118919638104217,0.07383712367398024,0.783,0.434
auc,RF (tuned),DT,0.6913806972321479,0.6493520645433802,0.04202863268876761,-0.0059418188323356385,0.08887848704967152,0.95,0.1
auc,RF (tuned),LGB (default),0.6913806972321479,0.6911813094401609,1.9938779198701583e-4,-0.046440072018558425,0.0471894955973669,0.555,0.89
auc,RF (tuned),LGB (tuned),0.6913806972321479,0.6956890004480711,-0.00430830321592331,-0.04959203111899549,0.042250462368552615,0.455,0.91
auc,RF (tuned),LR,0.6913806972321479,0.697409695539364,-0.006028998307216139,-0.060347382769457204,0.042474489030434,0.365,0.73
auc,RF (tuned),RF (default),0.6913806972321479,0.6997190741347145,-0.008338376902566598,-0.06336034664320093,0.04036928085663187,0.353,0.706
auc,RF (tuned),Transformer,0.6913806972321479,0.6455326519812696,0.04584804525087821,-0.009457618390965886,0.09441413948925974,0.954,0.092
auc,RF (tuned),XGB (default),0.6913806972321479,0.6932224749145043,-0.0018417776823563931,-0.05577830271553128,0.04453178309537019,0.472,0.944
auc,RF (tuned),XGB (tuned),0.6913806972321479,0.7120839514106981,-0.020703254178550283,-0.03302175490234094,-0.009270615504130053,0,0
auc,Transformer,Attention (default),0.6455326519812696,0.6424743201873028,0.003058331793966939,-0.016311896389213133,0.021675673500526776,0.644,0.712
auc,Transformer,Attention (tuned),0.6455326519812696,0.669018109567849,-0.023485457586579363,-0.04617534195305966,-5.987925913119685e-4,0.023,0.046
auc,Transformer,DT,0.6455326519812696,0.6493520645433802,-0.003819412562110607,-0.028490817134376623,0.02425722624764421,0.397,0.794
auc,Transformer,LGB (default),0.6455326519812696,0.6911813094401609,-0.0456486574588912,-0.0638299255818971,-0.027869134367652218,0,0
auc,Transformer,LGB (tuned),0.6455326519812696,0.6956890004480711,-0.05015634846680152,-0.06870321315349051,-0.030370495976011942,0,0
auc,Transformer,LR,0.6455326519812696,0.697409695539364,-0.05187704355809436,-0.07803981209010144,-0.029892246997405895,0,0
auc,Transformer,RF (default),0.6455326519812696,0.6997190741347145,-0.05418642215344481,-0.07618763953830847,-0.03225113676946166,0,0
auc,Transformer,RF (tuned),0.6455326519812696,0.6913806972321479,-0.04584804525087821,-0.09507689345080424,0.007576243365069122,0.04,0.08
auc,Transformer,XGB (default),0.6455326519812696,0.6932224749145043,-0.04768982293323461,-0.06600066586084467,-0.028047586290479112,0,0
auc,Transformer,XGB (tuned),0.6455326519812696,0.7120839514106981,-0.0665512994294285,-0.11568949255124344,-0.017769340338517365,0.005,0.01
auc,XGB (default),Attention (default),0.6932224749145043,0.6424743201873028,0.05074815472720154,0.03017235727220514,0.0711516819921228,1,0
auc,XGB (default),Attention (tuned),0.6932224749145043,0.669018109567849,0.024204365346655245,0.003895205479196324,0.0470600356579874,0.987,0.026
auc,XGB (default),DT,0.6932224749145043,0.6493520645433802,0.043870410371124,0.018063090219974456,0.07150788558741737,1,0
auc,XGB (default),LGB (default),0.6932224749145043,0.6911813094401609,0.0020411654743434093,-0.002947246722802334,0.007025611523530423,0.775,0.45
auc,XGB (default),LGB (tuned),0.6932224749145043,0.6956890004480711,-0.0024665255335669218,-0.010028575748410483,0.005422415373663216,0.256,0.512
auc,XGB (default),LR,0.6932224749145043,0.697409695539364,-0.004187220624859757,-0.02807948058447886,0.021774315102122275,0.38,0.76
auc,XGB (default),RF (default),0.6932224749145043,0.6997190741347145,-0.0064965992202102064,-0.01905773928344285,0.00671520412834046,0.176,0.352
auc,XGB (default),RF (tuned),0.6932224749145043,0.6913806972321479,0.0018417776823563931,-0.04485655562184291,0.059845558209990955,0.499,0.998
auc,XGB (default),Transformer,0.6932224749145043,0.6455326519812696,0.04768982293323461,0.029867427370205427,0.06612364482213418,1,0
auc,XGB (default),XGB (tuned),0.6932224749145043,0.7120839514106981,-0.018861476496193894,-0.06496496387722221,0.033577650317938044,0.236,0.472
auc,XGB (tuned),Attention (default),0.7120839514106981,0.6424743201873028,0.06960963122339543,0.012973202584084792,0.11963397441378168,0.993,0.014
auc,XGB (tuned),Attention (tuned),0.7120839514106981,0.669018109567849,0.04306584184284914,-0.010284418008123837,0.09534923355962692,0.948,0.104
auc,XGB (tuned),DT,0.7120839514106981,0.6493520645433802,0.0627318868673179,0.011840539340613975,0.11011109499111782,0.992,0.016
auc,XGB (tuned),LGB (default),0.7120839514106981,0.6911813094401609,0.020902641970537303,-0.03307433210325405,0.06756964567259921,0.793,0.414
auc,XGB (tuned),LGB (tuned),0.7120839514106981,0.6956890004480711,0.016394950962626977,-0.04142916614512321,0.06419995426532335,0.714,0.572
auc,XGB (tuned),LR,0.7120839514106981,0.697409695539364,0.014674255871334148,-0.038382254012802174,0.06294874343671095,0.737,0.526
auc,XGB (tuned),RF (default),0.7120839514106981,0.6997190741347145,0.012364877275983698,-0.03909430493024525,0.06110934373485389,0.689,0.622
auc,XGB (tuned),RF (tuned),0.7120839514106981,0.6913806972321479,0.020703254178550283,0.008916447961275399,0.03321351705715758,1,0
auc,XGB (tuned),Transformer,0.7120839514106981,0.6455326519812696,0.0665512994294285,0.011106641106360051,0.11495111966930717,0.991,0.018
auc,XGB (tuned),XGB (default),0.7120839514106981,0.6932224749145043,0.018861476496193894,-0.035041027158398054,0.06852170103222714,0.804,0.392
