metric,model_A,model_B,mean_A,mean_B,delta,ci_low,ci_high,p_raw,p_BH,p_holm,sig_raw,sig_BH,sig_holm
sens,Attention (default),DT,0.5210397038210448,0.5720868242450072,-0.051047120423962325,-0.1080042087495692,0.016518147032787835,0.128,0.16111888111888112,1,FALSE,FALSE,FALSE
sens,Attention (default),LGB (default),0.5210397038210448,0.295264934794256,0.2257747690267889,0.17300211536085974,0.2752522212935896,0,0,0,TRUE,TRUE,TRUE
sens,Attention (default),LGB (tuned),0.5210397038210448,0.29934619478765073,0.2216935090333941,0.1684369081833412,0.2711626482006163,0,0,0,TRUE,TRUE,TRUE
sens,Attention (default),LR,0.5210397038210448,0.625122582394644,-0.10408287857359923,-0.16364434983898943,-0.04714544542426803,0,0,0,TRUE,TRUE,TRUE
sens,Attention (default),RF (default),0.5210397038210448,0.22392764833193204,0.2971120554891128,0.24942666621801668,0.3461336248005093,0,0,0,TRUE,TRUE,TRUE
sens,Attention (default),RF (tuned),0.5210397038210448,0.24375555107352512,0.2772841527475197,0.2304672038490598,0.3259303739414985,0,0,0,TRUE,TRUE,TRUE
sens,Attention (default),Transformer,0.5210397038210448,0.649109710207098,-0.12807000638605312,-0.17816975477124897,-0.07080259135199769,0,0,0,TRUE,TRUE,TRUE
sens,Attention (default),XGB (default),0.5210397038210448,0.416807888570512,0.10423181525053285,0.05845578061873479,0.1491519255432667,0,0,0,TRUE,TRUE,TRUE
sens,Attention (default),XGB (tuned),0.5210397038210448,0.5944877120123478,-0.07344800819130295,-0.1232618487137524,-0.025281459357651494,0.004,0.006,0.256,TRUE,TRUE,FALSE
sens,DT,LGB (default),0.5720868242450072,0.295264934794256,0.2768218894507512,0.2026181312146861,0.3390065185471356,0,0,0,TRUE,TRUE,TRUE
sens,DT,LGB (tuned),0.5720868242450072,0.29934619478765073,0.27274062945735644,0.1982954046560753,0.33507386096528474,0,0,0,TRUE,TRUE,TRUE
sens,DT,LR,0.5720868242450072,0.625122582394644,-0.05303575814963689,-0.13039585627609793,0.013617551448835736,0.102,0.12929577464788733,1,FALSE,FALSE,FALSE
sens,DT,RF (default),0.5720868242450072,0.22392764833193204,0.34815917591307516,0.28226804577198294,0.4051354874021254,0,0,0,TRUE,TRUE,TRUE
sens,DT,RF (tuned),0.5720868242450072,0.24375555107352512,0.3283312731714821,0.2545927628007313,0.39122035223518364,0,0,0,TRUE,TRUE,TRUE
sens,DT,Transformer,0.5720868242450072,0.649109710207098,-0.07702288596209081,-0.15687441799598204,0.0021992988217560978,0.064,0.08347826086956522,1,FALSE,FALSE,FALSE
sens,DT,XGB (default),0.5720868242450072,0.416807888570512,0.1552789356744952,0.08745209425245704,0.21314058189662535,0,0,0,TRUE,TRUE,TRUE
sens,DT,XGB (tuned),0.5720868242450072,0.5944877120123478,-0.02240088776734064,-0.08839487139568498,0.03624541330097514,0.526,0.5808588957055215,1,FALSE,FALSE,FALSE
sens,LGB (default),LGB (tuned),0.295264934794256,0.29934619478765073,-0.004081259993394792,-0.01437623946100222,0.007168602363363872,0.468,0.5331645569620254,1,FALSE,FALSE,FALSE
sens,LGB (default),LR,0.295264934794256,0.625122582394644,-0.3298576476003881,-0.3783588576203564,-0.28714242020992264,0,0,0,TRUE,TRUE,TRUE
sens,LGB (default),RF (default),0.295264934794256,0.22392764833193204,0.07133728646232392,0.04661114117235723,0.09472860868545123,0,0,0,TRUE,TRUE,TRUE
sens,LGB (default),RF (tuned),0.295264934794256,0.24375555107352512,0.05150938372073084,0.0325100897683983,0.07029289588612166,0,0,0,TRUE,TRUE,TRUE
sens,LGB (default),Transformer,0.295264934794256,0.649109710207098,-0.35384477541284204,-0.42407823909921866,-0.2841179824597152,0,0,0,TRUE,TRUE,TRUE
sens,LGB (default),XGB (default),0.295264934794256,0.416807888570512,-0.12154295377625604,-0.14163152367961396,-0.10094089430468411,0,0,0,TRUE,TRUE,TRUE
sens,LGB (default),XGB (tuned),0.295264934794256,0.5944877120123478,-0.2992227772180919,-0.3338215516226915,-0.2693322836712158,0,0,0,TRUE,TRUE,TRUE
sens,LGB (tuned),LR,0.29934619478765073,0.625122582394644,-0.32577638760699335,-0.37125679156648467,-0.28309270374221535,0,0,0,TRUE,TRUE,TRUE
sens,LGB (tuned),RF (default),0.29934619478765073,0.22392764833193204,0.0754185464557187,0.052175019936706195,0.09818556293469519,0,0,0,TRUE,TRUE,TRUE
sens,LGB (tuned),RF (tuned),0.29934619478765073,0.24375555107352512,0.055590643714125636,0.03798474768009847,0.0728537823919516,0,0,0,TRUE,TRUE,TRUE
sens,LGB (tuned),Transformer,0.29934619478765073,0.649109710207098,-0.3497635154194472,-0.4185275202179854,-0.2815550172819983,0,0,0,TRUE,TRUE,TRUE
sens,LGB (tuned),XGB (default),0.29934619478765073,0.416807888570512,-0.11746169378286124,-0.13828138242311683,-0.09749744945039705,0,0,0,TRUE,TRUE,TRUE
sens,LGB (tuned),XGB (tuned),0.29934619478765073,0.5944877120123478,-0.29514151722469706,-0.3267292505922053,-0.2661240618318104,0,0,0,TRUE,TRUE,TRUE
sens,LR,RF (default),0.625122582394644,0.22392764833193204,0.401194934062712,0.35054760212112335,0.4580271817900697,0,0,0,TRUE,TRUE,TRUE
sens,LR,RF (tuned),0.625122582394644,0.24375555107352512,0.38136703132111893,0.33410342832656764,0.4346005261349635,0,0,0,TRUE,TRUE,TRUE
sens,LR,Transformer,0.625122582394644,0.649109710207098,-0.023987127812453907,-0.0945059759977139,0.04993464996566953,0.476,0.5388679245283019,1,FALSE,FALSE,FALSE
sens,LR,XGB (default),0.625122582394644,0.416807888570512,0.20831469382413206,0.16678283606215863,0.25121409072741413,0,0,0,TRUE,TRUE,TRUE
sens,LR,XGB (tuned),0.625122582394644,0.5944877120123478,0.03063487038229626,-0.004356826841480122,0.06927900711344318,0.1,0.12765957446808512,1,FALSE,FALSE,FALSE
sens,RF (default),RF (tuned),0.22392764833193204,0.24375555107352512,-0.019827902741593077,-0.03182475155220284,-0.007153275740386494,0,0,0,TRUE,TRUE,TRUE
sens,RF (default),Transformer,0.22392764833193204,0.649109710207098,-0.42518206187516594,-0.49094186183548466,-0.3585576631482657,0,0,0,TRUE,TRUE,TRUE
sens,RF (default),XGB (default),0.22392764833193204,0.416807888570512,-0.19288024023857997,-0.22865917275632133,-0.16046141169627537,0,0,0,TRUE,TRUE,TRUE
sens,RF (default),XGB (tuned),0.22392764833193204,0.5944877120123478,-0.3705600636804158,-0.4173255646455397,-0.32779193021514746,0,0,0,TRUE,TRUE,TRUE
sens,RF (tuned),Transformer,0.24375555107352512,0.649109710207098,-0.40535415913357287,-0.47479610450943566,-0.33730716758587936,0,0,0,TRUE,TRUE,TRUE
sens,RF (tuned),XGB (default),0.24375555107352512,0.416807888570512,-0.17305233749698687,-0.20533091758384409,-0.14337914625301168,0,0,0,TRUE,TRUE,TRUE
sens,RF (tuned),XGB (tuned),0.24375555107352512,0.5944877120123478,-0.3507321609388227,-0.3965193743455736,-0.31072330125030007,0,0,0,TRUE,TRUE,TRUE
sens,Transformer,XGB (default),0.649109710207098,0.416807888570512,0.23230182163658597,0.1630890680529376,0.29852436915697583,0,0,0,TRUE,TRUE,TRUE
sens,Transformer,XGB (tuned),0.649109710207098,0.5944877120123478,0.054621998194750165,-0.02100348999466936,0.12212565222559496,0.144,0.18,1,FALSE,FALSE,FALSE
sens,XGB (default),XGB (tuned),0.416807888570512,0.5944877120123478,-0.1776798234418358,-0.20092513023085803,-0.15667380059288047,0,0,0,TRUE,TRUE,TRUE
spec,Attention (default),DT,0.697892351125697,0.6594924504466674,0.03839990067902968,-0.01949921881000217,0.08562604601447929,0.178,0.2209655172413793,1,FALSE,FALSE,FALSE
spec,Attention (default),LGB (default),0.697892351125697,0.8841180632237828,-0.18622571209808578,-0.21671506505344387,-0.15985389924822033,0,0,0,TRUE,TRUE,TRUE
spec,Attention (default),LGB (tuned),0.697892351125697,0.8854582302141317,-0.18756587908843467,-0.2182892635613224,-0.1618743335527579,0,0,0,TRUE,TRUE,TRUE
spec,Attention (default),LR,0.697892351125697,0.6425359884870512,0.055356362638645865,0.008625556897421902,0.09944514765590984,0.016,0.0225,0.848,TRUE,TRUE,FALSE
spec,Attention (default),RF (default),0.697892351125697,0.9314267557789168,-0.23353440465321976,-0.2594956749210723,-0.20968287047239595,0,0,0,TRUE,TRUE,TRUE
spec,Attention (default),RF (tuned),0.697892351125697,0.9168674033000004,-0.2189750521743034,-0.24511969489399946,-0.1950824808207775,0,0,0,TRUE,TRUE,TRUE
spec,Attention (default),Transformer,0.697892351125697,0.531384722687577,0.16650762843812006,0.11756549199027008,0.2057172381285131,0,0,0,TRUE,TRUE,TRUE
spec,Attention (default),XGB (default),0.697892351125697,0.8138069409247455,-0.11591458979904844,-0.14888918887281694,-0.08596441645066472,0,0,0,TRUE,TRUE,TRUE
spec,Attention (default),XGB (tuned),0.697892351125697,0.6912145550284525,0.0066777960972444934,-0.036246980554391045,0.04732813627427468,0.82,0.853179190751445,1,FALSE,FALSE,FALSE
spec,DT,LGB (default),0.6594924504466674,0.8841180632237828,-0.22462561277711546,-0.2768894077251122,-0.16820766214642657,0,0,0,TRUE,TRUE,TRUE
spec,DT,LGB (tuned),0.6594924504466674,0.8854582302141317,-0.22596577976746435,-0.2792091343925254,-0.16638776417726892,0,0,0,TRUE,TRUE,TRUE
spec,DT,LR,0.6594924504466674,0.6425359884870512,0.016956461959616163,-0.02821425930953209,0.06897971587329628,0.52,0.5777777777777778,1,FALSE,FALSE,FALSE
spec,DT,RF (default),0.6594924504466674,0.9314267557789168,-0.27193430533224944,-0.32212106623915093,-0.21968167322306445,0,0,0,TRUE,TRUE,TRUE
spec,DT,RF (tuned),0.6594924504466674,0.9168674033000004,-0.2573749528533331,-0.3110240093503614,-0.2018308161880375,0,0,0,TRUE,TRUE,TRUE
spec,DT,Transformer,0.6594924504466674,0.531384722687577,0.12810772775909035,0.055834921936211604,0.1993200072429071,0,0,0,TRUE,TRUE,TRUE
spec,DT,XGB (default),0.6594924504466674,0.8138069409247455,-0.15431449047807813,-0.2079882484183925,-0.0956080834316098,0,0,0,TRUE,TRUE,TRUE
spec,DT,XGB (tuned),0.6594924504466674,0.6912145550284525,-0.031722104581785183,-0.08715850884923185,0.03003179154847568,0.294,0.35516778523489934,1,FALSE,FALSE,FALSE
spec,LGB (default),LGB (tuned),0.8841180632237828,0.8854582302141317,-0.0013401669903489015,-0.004563829806011528,0.0026537237260267506,0.498,0.5567701863354036,1,FALSE,FALSE,FALSE
spec,LGB (default),LR,0.8841180632237828,0.6425359884870512,0.24158207473673163,0.1991057921921089,0.2795747686628608,0,0,0,TRUE,TRUE,TRUE
spec,LGB (default),RF (default),0.8841180632237828,0.9314267557789168,-0.04730869255513399,-0.06181302822985042,-0.03453049329287566,0,0,0,TRUE,TRUE,TRUE
spec,LGB (default),RF (tuned),0.8841180632237828,0.9168674033000004,-0.03274934007621764,-0.04452300928620362,-0.022199214780652763,0,0,0,TRUE,TRUE,TRUE
spec,LGB (default),Transformer,0.8841180632237828,0.531384722687577,0.3527333405362058,0.3025414994992478,0.3981702379534051,0,0,0,TRUE,TRUE,TRUE
spec,LGB (default),XGB (default),0.8841180632237828,0.8138069409247455,0.07031112229903733,0.05921855805494297,0.08285910769560129,0,0,0,TRUE,TRUE,TRUE
spec,LGB (default),XGB (tuned),0.8841180632237828,0.6912145550284525,0.19290350819533028,0.16495460086706745,0.22170482661411156,0,0,0,TRUE,TRUE,TRUE
spec,LGB (tuned),LR,0.8854582302141317,0.6425359884870512,0.24292224172708052,0.20034085429709947,0.28192779379853616,0,0,0,TRUE,TRUE,TRUE
spec,LGB (tuned),RF (default),0.8854582302141317,0.9314267557789168,-0.04596852556478509,-0.060123314970323624,-0.032873530732060854,0,0,0,TRUE,TRUE,TRUE
spec,LGB (tuned),RF (tuned),0.8854582302141317,0.9168674033000004,-0.03140917308586874,-0.04228050016769963,-0.021655782144108026,0,0,0,TRUE,TRUE,TRUE
spec,LGB (tuned),Transformer,0.8854582302141317,0.531384722687577,0.35407350752655475,0.30457734842331985,0.399692424561614,0,0,0,TRUE,TRUE,TRUE
spec,LGB (tuned),XGB (default),0.8854582302141317,0.8138069409247455,0.07165128928938623,0.060280941831789746,0.08362413313715665,0,0,0,TRUE,TRUE,TRUE
spec,LGB (tuned),XGB (tuned),0.8854582302141317,0.6912145550284525,0.19424367518567917,0.16652805274625482,0.22271335387109525,0,0,0,TRUE,TRUE,TRUE
spec,LR,RF (default),0.6425359884870512,0.9314267557789168,-0.28889076729186564,-0.3305146707253055,-0.2480102423756722,0,0,0,TRUE,TRUE,TRUE
spec,LR,RF (tuned),0.6425359884870512,0.9168674033000004,-0.27433141481294926,-0.31756702035839,-0.23283692966614766,0,0,0,TRUE,TRUE,TRUE
spec,LR,Transformer,0.6425359884870512,0.531384722687577,0.1111512657994742,0.04263567403486143,0.17783502926261113,0.004,0.006,0.256,TRUE,TRUE,FALSE
spec,LR,XGB (default),0.6425359884870512,0.8138069409247455,-0.1712709524376943,-0.2090995712198315,-0.13024530310976093,0,0,0,TRUE,TRUE,TRUE
spec,LR,XGB (tuned),0.6425359884870512,0.6912145550284525,-0.04867856654140136,-0.08333067644419298,-0.006610116250347227,0.034,0.04601503759398496,1,TRUE,TRUE,FALSE
spec,RF (default),RF (tuned),0.9314267557789168,0.9168674033000004,0.014559352478916345,0.007219655175819081,0.022712498009075367,0,0,0,TRUE,TRUE,TRUE
spec,RF (default),Transformer,0.9314267557789168,0.531384722687577,0.40004203309133984,0.3460808544116026,0.44700386743820275,0,0,0,TRUE,TRUE,TRUE
spec,RF (default),XGB (default),0.9314267557789168,0.8138069409247455,0.11761981485417132,0.09570106383721155,0.1415490325527,0,0,0,TRUE,TRUE,TRUE
spec,RF (default),XGB (tuned),0.9314267557789168,0.6912145550284525,0.24021220075046426,0.20226057063043562,0.2803050182012357,0,0,0,TRUE,TRUE,TRUE
spec,RF (tuned),Transformer,0.9168674033000004,0.531384722687577,0.38548268061242347,0.3336562905131289,0.43126956298782915,0,0,0,TRUE,TRUE,TRUE
spec,RF (tuned),XGB (default),0.9168674033000004,0.8138069409247455,0.10306046237525497,0.08529937644838681,0.12328997612468465,0,0,0,TRUE,TRUE,TRUE
spec,RF (tuned),XGB (tuned),0.9168674033000004,0.6912145550284525,0.2256528482715479,0.19117788138328948,0.26116637345684734,0,0,0,TRUE,TRUE,TRUE
spec,Transformer,XGB (default),0.531384722687577,0.8138069409247455,-0.2824222182371685,-0.3299990227656331,-0.23291246432493518,0,0,0,TRUE,TRUE,TRUE
spec,Transformer,XGB (tuned),0.531384722687577,0.6912145550284525,-0.15982983234087556,-0.2178555387414131,-0.10163469387078329,0,0,0,TRUE,TRUE,TRUE
spec,XGB (default),XGB (tuned),0.8138069409247455,0.6912145550284525,0.12259238589629294,0.10247781639552642,0.14361869335715916,0,0,0,TRUE,TRUE,TRUE
bal_acc,Attention (default),DT,0.609466027473371,0.6157896373458372,-0.006323609872466304,-0.025550745458772447,0.014508670162184448,0.546,0.5992682926829269,1,FALSE,FALSE,FALSE
bal_acc,Attention (default),LGB (default),0.609466027473371,0.5896914990090194,0.019774528464351578,0.001352117123588905,0.037963763051692495,0.038,0.05104477611940299,1,TRUE,FALSE,FALSE
bal_acc,Attention (default),LGB (tuned),0.609466027473371,0.5924022125008912,0.017063814972479736,-0.002428788592150396,0.036011312110708966,0.1,0.12765957446808512,1,FALSE,FALSE,FALSE
bal_acc,Attention (default),LR,0.609466027473371,0.6338292854408476,-0.02436325796747666,-0.0414760410187125,-0.007602604376288149,0.006,0.008852459016393444,0.36,TRUE,TRUE,FALSE
bal_acc,Attention (default),RF (default),0.609466027473371,0.5776772020554244,0.03178882541794653,0.010111124220494368,0.053586347473342316,0.008,0.011519999999999999,0.464,TRUE,TRUE,FALSE
bal_acc,Attention (default),RF (tuned),0.609466027473371,0.5803114771867628,0.02915455028660816,0.00905241116807341,0.04889471691690247,0.01,0.014173228346456693,0.55,TRUE,TRUE,FALSE
bal_acc,Attention (default),Transformer,0.609466027473371,0.5902472164473375,0.019218811026033473,0.0019446114392516491,0.03557374152546018,0.03,0.04122137404580153,1,TRUE,TRUE,FALSE
bal_acc,Attention (default),XGB (default),0.609466027473371,0.6153074147476287,-0.005841387274257779,-0.019936387989315945,0.00857969121653392,0.448,0.5169230769230769,1,FALSE,FALSE,FALSE
bal_acc,Attention (default),XGB (tuned),0.609466027473371,0.6428511335204001,-0.03338510604702924,-0.05046047475610108,-0.014735107862406265,0,0,0,TRUE,TRUE,TRUE
bal_acc,DT,LGB (default),0.6157896373458372,0.5896914990090194,0.026098138336817883,-0.001197604864630075,0.05116468828967657,0.064,0.08347826086956522,1,FALSE,FALSE,FALSE
bal_acc,DT,LGB (tuned),0.6157896373458372,0.5924022125008912,0.023387424844946037,-0.0036557893787605568,0.04755986388610059,0.082,0.10618705035971222,1,FALSE,FALSE,FALSE
bal_acc,DT,LR,0.6157896373458372,0.6338292854408476,-0.01803964809501036,-0.03804115626037065,-6.293269160252976e-4,0.046,0.06088235294117647,1,TRUE,FALSE,FALSE
bal_acc,DT,RF (default),0.6157896373458372,0.5776772020554244,0.03811243529041284,0.008641871740669636,0.06557714213284557,0.008,0.011519999999999999,0.464,TRUE,TRUE,FALSE
bal_acc,DT,RF (tuned),0.6157896373458372,0.5803114771867628,0.035478160159074464,0.007003345686873171,0.06308336669694628,0.008,0.011519999999999999,0.464,TRUE,TRUE,FALSE
bal_acc,DT,Transformer,0.6157896373458372,0.5902472164473375,0.025542420898499774,0.0029720449465067134,0.04685360761010692,0.03,0.04122137404580153,1,TRUE,TRUE,FALSE
bal_acc,DT,XGB (default),0.6157896373458372,0.6153074147476287,4.8222259820852284e-4,-0.021289788408479216,0.019697421998212807,0.932,0.9465168539325843,1,FALSE,FALSE,FALSE
bal_acc,DT,XGB (tuned),0.6157896373458372,0.6428511335204001,-0.02706149617456293,-0.04690522886712727,-0.006446889097052695,0.006,0.008852459016393444,0.36,TRUE,TRUE,FALSE
bal_acc,LGB (default),LGB (tuned),0.5896914990090194,0.5924022125008912,-0.002710713491871843,-0.0072894551289668244,0.0019815695239820265,0.296,0.35519999999999996,1,FALSE,FALSE,FALSE
bal_acc,LGB (default),LR,0.5896914990090194,0.6338292854408476,-0.04413778643182824,-0.06595532768983332,-0.02240638214055038,0,0,0,TRUE,TRUE,TRUE
bal_acc,LGB (default),RF (default),0.5896914990090194,0.5776772020554244,0.012014296953594957,0.0015603578073103024,0.022313883141160236,0.018,0.02511627906976744,0.9359999999999999,TRUE,TRUE,FALSE
bal_acc,LGB (default),RF (tuned),0.5896914990090194,0.5803114771867628,0.009380021822256581,5.496637041507516e-4,0.018202744671274296,0.042,0.056,1,TRUE,FALSE,FALSE
bal_acc,LGB (default),Transformer,0.5896914990090194,0.5902472164473375,-5.557174383181053e-4,-0.02152171537448594,0.021956523340315712,0.942,0.9472625698324022,1,FALSE,FALSE,FALSE
bal_acc,LGB (default),XGB (default),0.5896914990090194,0.6153074147476287,-0.025615915738609357,-0.03808236560337074,-0.012220455183643161,0,0,0,TRUE,TRUE,TRUE
bal_acc,LGB (default),XGB (tuned),0.5896914990090194,0.6428511335204001,-0.05315963451138082,-0.07506092975413918,-0.032845274698442666,0,0,0,TRUE,TRUE,TRUE
bal_acc,LGB (tuned),LR,0.5924022125008912,0.6338292854408476,-0.04142707293995639,-0.06296934314845755,-0.01835239674887975,0.002,0.003103448275862069,0.138,TRUE,TRUE,FALSE
bal_acc,LGB (tuned),RF (default),0.5924022125008912,0.5776772020554244,0.014725010445466803,0.0047884145503133925,0.025242686236073595,0,0,0,TRUE,TRUE,TRUE
bal_acc,LGB (tuned),RF (tuned),0.5924022125008912,0.5803114771867628,0.012090735314128423,0.0040410610260375734,0.020182249866485456,0.002,0.003103448275862069,0.138,TRUE,TRUE,FALSE
bal_acc,LGB (tuned),Transformer,0.5924022125008912,0.5902472164473375,0.0021549960535537423,-0.01967450061421024,0.025402438704731484,0.85,0.8734090909090909,1,FALSE,FALSE,FALSE
bal_acc,LGB (tuned),XGB (default),0.5924022125008912,0.6153074147476287,-0.022905202246737512,-0.03563727025201665,-0.009884617793573594,0,0,0,TRUE,TRUE,TRUE
bal_acc,LGB (tuned),XGB (tuned),0.5924022125008912,0.6428511335204001,-0.05044892101950897,-0.07196243646624091,-0.02976981706651309,0,0,0,TRUE,TRUE,TRUE
bal_acc,LR,RF (default),0.6338292854408476,0.5776772020554244,0.0561520833854232,0.028584209793938234,0.0832738925978396,0,0,0,TRUE,TRUE,TRUE
bal_acc,LR,RF (tuned),0.6338292854408476,0.5803114771867628,0.053517808254084816,0.02768246199314018,0.07884452054180874,0,0,0,TRUE,TRUE,TRUE
bal_acc,LR,Transformer,0.6338292854408476,0.5902472164473375,0.04358206899351014,0.024992919485041072,0.061387525560227,0,0,0,TRUE,TRUE,TRUE
bal_acc,LR,XGB (default),0.6338292854408476,0.6153074147476287,0.01852187069321888,0.002263677475866657,0.035932140159089763,0.034,0.04601503759398496,1,TRUE,TRUE,FALSE
bal_acc,LR,XGB (tuned),0.6338292854408476,0.6428511335204001,-0.009021848079552574,-0.02953099446375688,0.011252032577957165,0.372,0.4348051948051948,1,FALSE,FALSE,FALSE
bal_acc,RF (default),RF (tuned),0.5776772020554244,0.5803114771867628,-0.0026342751313383787,-0.00728995144232324,0.0025450717192540616,0.33,0.3905882352941177,1,FALSE,FALSE,FALSE
bal_acc,RF (default),Transformer,0.5776772020554244,0.5902472164473375,-0.01257001439191306,-0.03748010589956165,0.013417840352105028,0.332,0.3905882352941177,1,FALSE,FALSE,FALSE
bal_acc,RF (default),XGB (default),0.5776772020554244,0.6153074147476287,-0.03763021269220431,-0.05794410801461555,-0.01773562075395172,0,0,0,TRUE,TRUE,TRUE
bal_acc,RF (default),XGB (tuned),0.5776772020554244,0.6428511335204001,-0.06517393146497577,-0.09478405185729871,-0.03834974539088338,0,0,0,TRUE,TRUE,TRUE
bal_acc,RF (tuned),Transformer,0.5803114771867628,0.5902472164473375,-0.009935739260574682,-0.03354461421317755,0.01401038219713252,0.408,0.47380645161290325,1,FALSE,FALSE,FALSE
bal_acc,RF (tuned),XGB (default),0.5803114771867628,0.6153074147476287,-0.034995937560865935,-0.05363807311211006,-0.01725669459400694,0,0,0,TRUE,TRUE,TRUE
bal_acc,RF (tuned),XGB (tuned),0.5803114771867628,0.6428511335204001,-0.0625396563336374,-0.09040288263031711,-0.037377390722008276,0,0,0,TRUE,TRUE,TRUE
bal_acc,Transformer,XGB (default),0.5902472164473375,0.6153074147476287,-0.025060198300291252,-0.04166070566727806,-0.008792827425635927,0.002,0.003103448275862069,0.138,TRUE,TRUE,FALSE
bal_acc,Transformer,XGB (tuned),0.5902472164473375,0.6428511335204001,-0.05260391707306271,-0.07319382739673494,-0.03257424733496314,0,0,0,TRUE,TRUE,TRUE
bal_acc,XGB (default),XGB (tuned),0.6153074147476287,0.6428511335204001,-0.02754371877277146,-0.03986476115514482,-0.016147391077922492,0,0,0,TRUE,TRUE,TRUE
auc,Attention (default),DT,0.6424743201873028,0.6493520645433802,-0.0068777443560775415,-0.03529532492326298,0.018611480915996664,0.644,0.6983132530120482,1,FALSE,FALSE,FALSE
auc,Attention (default),LGB (default),0.6424743201873028,0.6911813094401609,-0.04870698925285813,-0.07025629198174883,-0.026858858223072376,0,0,0,TRUE,TRUE,TRUE
auc,Attention (default),LGB (tuned),0.6424743201873028,0.6935426659609999,-0.05106834577369718,-0.07492593646538838,-0.026937381627652704,0,0,0,TRUE,TRUE,TRUE
auc,Attention (default),LR,0.6424743201873028,0.697409695539364,-0.05493537535206129,-0.08209825458365358,-0.03010114521725734,0,0,0,TRUE,TRUE,TRUE
auc,Attention (default),RF (default),0.6424743201873028,0.6997190741347145,-0.05724475394741174,-0.08152889907292639,-0.0322696287967357,0,0,0,TRUE,TRUE,TRUE
auc,Attention (default),RF (tuned),0.6424743201873028,0.6920622056870497,-0.049587885499747006,-0.07353312446503724,-0.02486860044652133,0,0,0,TRUE,TRUE,TRUE
auc,Attention (default),Transformer,0.6424743201873028,0.6455326519812696,-0.003058331793966939,-0.02276813238542685,0.01603260943874085,0.8,0.8372093023255816,1,FALSE,FALSE,FALSE
auc,Attention (default),XGB (default),0.6424743201873028,0.6932224749145043,-0.05074815472720154,-0.07274576666428036,-0.028325594862816675,0,0,0,TRUE,TRUE,TRUE
auc,Attention (default),XGB (tuned),0.6424743201873028,0.7118883969215505,-0.06941407673424782,-0.09626013786524219,-0.041461485160301,0,0,0,TRUE,TRUE,TRUE
auc,DT,LGB (default),0.6493520645433802,0.6911813094401609,-0.04182924489678059,-0.06898178374814654,-0.011464769928796772,0.004,0.006,0.256,TRUE,TRUE,FALSE
auc,DT,LGB (tuned),0.6493520645433802,0.6935426659609999,-0.044190601417619636,-0.07174168536457905,-0.013342215698410142,0.002,0.003103448275862069,0.138,TRUE,TRUE,FALSE
auc,DT,LR,0.6493520645433802,0.697409695539364,-0.04805763099598375,-0.06969762668102096,-0.02819526350980221,0,0,0,TRUE,TRUE,TRUE
auc,DT,RF (default),0.6493520645433802,0.6997190741347145,-0.05036700959133421,-0.08013648941183413,-0.0215606376465724,0,0,0,TRUE,TRUE,TRUE
auc,DT,RF (tuned),0.6493520645433802,0.6920622056870497,-0.04271014114366945,-0.07169251169382593,-0.013428178560733655,0.004,0.006,0.256,TRUE,TRUE,FALSE
auc,DT,Transformer,0.6493520645433802,0.6455326519812696,0.003819412562110607,-0.023593059826980345,0.030240643818045074,0.782,0.8231578947368421,1,FALSE,FALSE,FALSE
auc,DT,XGB (default),0.6493520645433802,0.6932224749145043,-0.043870410371124,-0.07113183631528641,-0.014530489454940364,0,0,0,TRUE,TRUE,TRUE
auc,DT,XGB (tuned),0.6493520645433802,0.7118883969215505,-0.06253633237817027,-0.08922019003548176,-0.033584169361770486,0,0,0,TRUE,TRUE,TRUE
auc,LGB (default),LGB (tuned),0.6911813094401609,0.6935426659609999,-0.0023613565208390488,-0.007592732773882112,0.0030572100813238802,0.452,0.5182165605095541,1,FALSE,FALSE,FALSE
auc,LGB (default),LR,0.6911813094401609,0.697409695539364,-0.006228386099203165,-0.03243008119104303,0.018048443934877204,0.644,0.6983132530120482,1,FALSE,FALSE,FALSE
auc,LGB (default),RF (default),0.6911813094401609,0.6997190741347145,-0.008537764694553614,-0.01994929529902622,0.004692070770975105,0.19,0.23424657534246576,1,FALSE,FALSE,FALSE
auc,LGB (default),RF (tuned),0.6911813094401609,0.6920622056870497,-8.808962468888708e-4,-0.011667813701621753,0.010733361211538494,0.936,0.9465168539325843,1,FALSE,FALSE,FALSE
auc,LGB (default),Transformer,0.6911813094401609,0.6455326519812696,0.0456486574588912,0.028771616290892293,0.0630835773928621,0,0,0,TRUE,TRUE,TRUE
auc,LGB (default),XGB (default),0.6911813094401609,0.6932224749145043,-0.0020411654743434093,-0.006943369707195192,0.0032226905899357915,0.48,0.54,1,FALSE,FALSE,FALSE
auc,LGB (default),XGB (tuned),0.6911813094401609,0.7118883969215505,-0.02070708748138968,-0.03093091397643602,-0.010534196962878448,0,0,0,TRUE,TRUE,TRUE
auc,LGB (tuned),LR,0.6935426659609999,0.697409695539364,-0.0038670295783641145,-0.03083049689744153,0.020908547581630473,0.746,0.7945562130177516,1,FALSE,FALSE,FALSE
auc,LGB (tuned),RF (default),0.6935426659609999,0.6997190741347145,-0.006176408173714565,-0.016839379771302183,0.005614966052849329,0.282,0.34297297297297297,1,FALSE,FALSE,FALSE
auc,LGB (tuned),RF (tuned),0.6935426659609999,0.6920622056870497,0.0014804602739501775,-0.009204315759583161,0.012036392675401858,0.752,0.796235294117647,1,FALSE,FALSE,FALSE
auc,LGB (tuned),Transformer,0.6935426659609999,0.6455326519812696,0.048010013979730246,0.028886356956335735,0.06626967901594427,0,0,0,TRUE,TRUE,TRUE
auc,LGB (tuned),XGB (default),0.6935426659609999,0.6932224749145043,3.201910464956401e-4,-0.005053166753693128,0.006676146596677667,0.978,0.978,1,FALSE,FALSE,FALSE
auc,LGB (tuned),XGB (tuned),0.6935426659609999,0.7118883969215505,-0.018345730960550637,-0.027065194968082334,-0.009591197004345953,0,0,0,TRUE,TRUE,TRUE
auc,LR,RF (default),0.697409695539364,0.6997190741347145,-0.0023093785953504503,-0.026887692599419966,0.024341032846618205,0.854,0.8734090909090909,1,FALSE,FALSE,FALSE
auc,LR,RF (tuned),0.697409695539364,0.6920622056870497,0.005347489852314297,-0.020494709849157727,0.0332409433589869,0.722,0.7782035928143712,1,FALSE,FALSE,FALSE
auc,LR,Transformer,0.697409695539364,0.6455326519812696,0.05187704355809436,0.03085115770797508,0.0739897222694632,0,0,0,TRUE,TRUE,TRUE
auc,LR,XGB (default),0.697409695539364,0.6932224749145043,0.004187220624859757,-0.020080075007300954,0.030316350440596496,0.728,0.7799999999999999,1,FALSE,FALSE,FALSE
auc,LR,XGB (tuned),0.697409695539364,0.7118883969215505,-0.01447870138218652,-0.037040209272149835,0.010854416231591448,0.244,0.2987755102040816,1,FALSE,FALSE,FALSE
auc,RF (default),RF (tuned),0.6997190741347145,0.6920622056870497,0.007656868447664743,0.0025664421021858986,0.012958192280369242,0.002,0.003103448275862069,0.138,TRUE,TRUE,FALSE
auc,RF (default),Transformer,0.6997190741347145,0.6455326519812696,0.05418642215344481,0.03210657112668961,0.07593801861395327,0,0,0,TRUE,TRUE,TRUE
auc,RF (default),XGB (default),0.6997190741347145,0.6932224749145043,0.0064965992202102064,-0.006824183434929422,0.0188604971873098,0.316,0.37668874172185435,1,FALSE,FALSE,FALSE
auc,RF (default),XGB (tuned),0.6997190741347145,0.7118883969215505,-0.012169322786836068,-0.023667473570039416,-0.002475840849325238,0.01,0.014173228346456693,0.55,TRUE,TRUE,FALSE
auc,RF (tuned),Transformer,0.6920622056870497,0.6455326519812696,0.04652955370578006,0.024915974366207662,0.0699043464540959,0,0,0,TRUE,TRUE,TRUE
auc,RF (tuned),XGB (default),0.6920622056870497,0.6932224749145043,-0.0011602692274545368,-0.013506028309042682,0.010851625283034612,0.842,0.8710344827586207,1,FALSE,FALSE,FALSE
auc,RF (tuned),XGB (tuned),0.6920622056870497,0.7118883969215505,-0.01982619123450081,-0.031935839427019594,-0.008516029211433811,0,0,0,TRUE,TRUE,TRUE
auc,Transformer,XGB (default),0.6455326519812696,0.6932224749145043,-0.04768982293323461,-0.06632693791019038,-0.02903846039126394,0,0,0,TRUE,TRUE,TRUE
auc,Transformer,XGB (tuned),0.6455326519812696,0.7118883969215505,-0.06635574494028088,-0.08813209721762945,-0.04403874266523847,0,0,0,TRUE,TRUE,TRUE
auc,XGB (default),XGB (tuned),0.6932224749145043,0.7118883969215505,-0.01866592200704627,-0.02904191508050462,-0.008657522922533885,0,0,0,TRUE,TRUE,TRUE
