subject,model,sens,spec,bal_acc,auc
01,Attention (default),0.5705521472392638,0.5531400966183575,0.5618461219288107,0.5743309326931627
03,Attention (default),0.7094430992736077,0.6,0.6547215496368038,0.6856976392251817
04,Attention (default),0.4660714285714286,0.8209121245828699,0.6434917765771493,0.6755720641983156
05,Attention (default),0.6374045801526718,0.7406749555950266,0.6890397678738491,0.7481712608300679
06,Attention (default),0.49053030303030304,0.7178378378378378,0.6041840704340704,0.6064967239967239
07,Attention (default),0.5186335403726708,0.7121771217712177,0.6154053310719443,0.6850719671792992
08,Attention (default),0.3547297297297297,0.693935119887165,0.5243324248084473,0.5201368505317729
09,Attention (default),0.4064327485380117,0.6629116117850953,0.5346721801615535,0.554982922354992
10,Attention (default),0.35172413793103446,0.7393561786085151,0.5455401582697748,0.5815471288239576
11,Attention (default),0.39805825242718446,0.8135593220338984,0.6058087872305414,0.6249351274034506
12,Attention (default),0.4046920821114369,0.7825020441537204,0.5935970631325787,0.5863831787129864
13,Attention (default),0.625,0.6418181818181818,0.6334090909090909,0.6561818181818182
14,Attention (default),0.4659090909090909,0.8774016468435498,0.6716553688763204,0.7266385261581968
15,Attention (default),0.583941605839416,0.6085672082717873,0.5962544070556017,0.6510690142211777
16,Attention (default),0.4166666666666667,0.6655092592592593,0.541087962962963,0.5796006944444445
17,Attention (default),0.6296296296296297,0.7006420545746388,0.6651358421021343,0.7117650555852802
18,Attention (default),0.6076555023923444,0.5958781362007168,0.6017668192965306,0.6598283342765516
19,Attention (default),0.7289719626168224,0.666025641025641,0.6974988018212317,0.7387311286843996
20,Attention (default),0.5337078651685393,0.6671061305207646,0.600406997844652,0.6398717160569724
01,Attention (tuned),0.5693251533742332,0.5942028985507246,0.5817640259624789,0.6087015796805074
03,Attention (tuned),0.7263922518159807,0.62125,0.6738211259079903,0.7344854721549636
04,Attention (tuned),0.4714285714285714,0.7931034482758621,0.6322660098522168,0.6765274908628636
05,Attention (tuned),0.6898854961832062,0.6980461811722913,0.6939658386777487,0.7659247759413176
06,Attention (tuned),0.5549242424242424,0.5967567567567568,0.5758404995904995,0.5926330876330876
07,Attention (tuned),0.437888198757764,0.8071955719557196,0.6225418853567417,0.7087592537416059
08,Attention (tuned),0.38175675675675674,0.6755994358251057,0.5286780962909312,0.5300385011245378
09,Attention (tuned),0.4269005847953216,0.6351819757365684,0.531041280265945,0.5611450636991091
10,Attention (tuned),0.503448275862069,0.5327102803738317,0.5180792781179504,0.5442904715866366
11,Attention (tuned),0.45145631067961167,0.7809647979139505,0.6162105542967811,0.659637219782028
12,Attention (tuned),0.2434017595307918,0.8757154538021259,0.5595586066664588,0.5903611857770061
13,Attention (tuned),0.6142857142857143,0.610909090909091,0.6125974025974026,0.6453225108225109
14,Attention (tuned),0.5454545454545454,0.8499542543458372,0.6977043999001913,0.7419945105215003
15,Attention (tuned),0.9635036496350364,0.4401772525849335,0.701840451109985,0.814499347701862
16,Attention (tuned),0.5666666666666667,0.6307870370370371,0.5987268518518518,0.6425057870370371
17,Attention (tuned),0.6592592592592592,0.6597110754414125,0.6594851673503359,0.7379287795018131
18,Attention (tuned),0.722488038277512,0.5349462365591398,0.6287171374183258,0.6829157448851846
19,Attention (tuned),0.780373831775701,0.6333333333333333,0.7068535825545171,0.7732925952552121
20,Attention (tuned),0.6629213483146067,0.6031641397495056,0.6330427440320561,0.7003807040803478
01,DT,0.6245398773006134,0.5120772946859904,0.5683085859933019,0.600819477786669
03,DT,0.8280871670702179,0.39125,0.609668583535109,0.7128858958837773
04,DT,0.5607142857142857,0.657397107897664,0.6090556968059748,0.6286836564436676
05,DT,0.7318702290076335,0.6429840142095915,0.6874271216086125,0.7593801269100918
06,DT,0.4886363636363637,0.7448648648648649,0.6167506142506143,0.6517444717444717
07,DT,0.4409937888198758,0.7998154981549815,0.6204046434874286,0.6307556553826408
08,DT,0.5168918918918919,0.7376586741889986,0.6272752830404452,0.6179954637288911
09,DT,0.03508771929824561,0.9592720970537262,0.4971799081759859,0.4897812845226874
10,DT,0.4574712643678161,0.6022845275181724,0.5298778959429943,0.513911268664733
11,DT,0.4951456310679612,0.8305084745762712,0.6628270528221162,0.7036936241313402
12,DT,0.4633431085043988,0.7702371218315618,0.6167901151679803,0.6397613675328444
13,DT,0.7142857142857143,0.5060606060606061,0.6101731601731601,0.6715303030303031
14,DT,0.4545454545454546,0.838975297346752,0.6467603759461032,0.6512309739665642
15,DT,0.927007299270073,0.4268833087149187,0.6769453039924959,0.7797550377901649
16,DT,0.5666666666666667,0.6122685185185185,0.5894675925925925,0.59155574845679
17,DT,0.762962962962963,0.6573033707865169,0.7101331668747399,0.7431038582723977
18,DT,0.5358851674641149,0.47401433691756273,0.5049497521908388,0.5582951758673321
19,DT,0.7149532710280374,0.698076923076923,0.7065150970524803,0.7361505511622335
20,DT,0.550561797752809,0.6684245220830587,0.6094931599179338,0.6566552850466252
01,LGB (default),0.3950920245398773,0.7777777777777778,0.5864349011588276,0.6078865475237843
03,LGB (default),0.4443099273607748,0.84,0.6421549636803874,0.7242493946731232
04,LGB (default),0.14464285714285716,0.9833147942157954,0.5639788256793262,0.7359903861433332
05,LGB (default),0.3654580152671756,0.9325044404973357,0.6489812278822557,0.8161803587650676
06,LGB (default),0.3068181818181818,0.7848648648648648,0.5458415233415234,0.5642076167076169
07,LGB (default),0.3167701863354037,0.9188191881918819,0.6177946872636428,0.7770707753661393
08,LGB (default),0.04391891891891892,0.9703808180535967,0.5071498684862578,0.6346348111157704
09,LGB (default),0.08187134502923976,0.9211438474870017,0.5015075962581208,0.54085965925791
10,LGB (default),0.19540229885057472,0.8785046728971962,0.5369534858738855,0.5863930962867474
11,LGB (default),0.06796116504854369,0.9752281616688396,0.5215946633586916,0.6462449842407069
12,LGB (default),0.19941348973607037,0.9329517579721995,0.566182623854135,0.682054368494378
13,LGB (default),0.30357142857142855,0.8842424242424243,0.5939069264069264,0.6720259740259766
14,LGB (default),0.375,0.9533394327538883,0.6641697163769442,0.8054666056724611
15,LGB (default),0.6861313868613139,0.7001477104874446,0.6931395486743792,0.7488166988323314
16,LGB (default),0.16666666666666666,0.9131944444444444,0.5399305555555556,0.6850501543209891
17,LGB (default),0.2,0.9727126805778491,0.5863563402889246,0.8056833719755078
18,LGB (default),0.507177033492823,0.7293906810035843,0.6182838572482037,0.6455943132513577
19,LGB (default),0.5514018691588785,0.8141025641025641,0.6827522166307213,0.7505960939372156
20,LGB (default),0.25842696629213485,0.9156229400131839,0.5870249531526593,0.7034396687726396
01,LGB (tuned),0.3766871165644172,0.7777777777777778,0.5772324471710975,0.6035239026703418
03,LGB (tuned),0.4225181598062954,0.86875,0.6456340799031477,0.7318840799031463
04,LGB (tuned),0.10535714285714286,0.9810901001112348,0.5432236214841888,0.7234268234546317
05,LGB (tuned),0.3702290076335878,0.9431616341030196,0.6566953208683037,0.8270985587026963
06,LGB (tuned),0.2859848484848485,0.8151351351351351,0.5505599918099918,0.5844389844389852
07,LGB (tuned),0.2857142857142857,0.933579335793358,0.6096468107538218,0.7748447204968921
08,LGB (tuned),0.0472972972972973,0.9774330042313116,0.5123651507643046,0.6161561773338917
09,LGB (tuned),0.08187134502923976,0.9038128249566724,0.4928420849929561,0.5012846240384319
10,LGB (tuned),0.15632183908045977,0.8951194184839044,0.5257206287821821,0.5771284658812853
11,LGB (tuned),0.07281553398058252,0.9882659713168188,0.5305407526487007,0.6470107973316801
12,LGB (tuned),0.20821114369501467,0.9403107113654948,0.5742609275302547,0.6965588680303946
13,LGB (tuned),0.30714285714285716,0.8921212121212121,0.5996320346320346,0.6947575757575744
14,LGB (tuned),0.3409090909090909,0.9542543458371456,0.6475817183731182,0.8446103302004562
15,LGB (tuned),0.7372262773722628,0.707533234859675,0.7223797561159688,0.7681915707986069
16,LGB (tuned),0.15,0.9282407407407408,0.5391203703703703,0.6975212191358026
17,LGB (tuned),0.16296296296296298,0.9871589085072232,0.5750609357350931,0.8043992628262279
18,LGB (tuned),0.5119617224880383,0.7231182795698925,0.6175400010289653,0.6440079916310815
19,LGB (tuned),0.514018691588785,0.816025641025641,0.665022166307213,0.7637161514497967
20,LGB (tuned),0.20786516853932585,0.924851680949242,0.5663584247442839,0.7175309044314293
01,LR,0.6891891891891891,0.5169082125603864,0.6030487008747878,0.6327137414093937
03,LR,0.8523002421307506,0.4375,0.6449001210653753,0.7168659200968523
04,LR,0.3767857142857143,0.8375973303670745,0.6071915223263944,0.6579810901001127
05,LR,0.7795801526717557,0.6252220248667851,0.7024010887692704,0.7825020677125
06,LR,0.4412878787878788,0.8097297297297297,0.6255088042588042,0.6905446355446341
07,LR,0.6086956521739131,0.761070110701107,0.6848828814375101,0.7557928995439022
08,LR,0.5033783783783784,0.7824858757062146,0.6429321270422965,0.704506413192854
09,LR,0.412280701754386,0.720103986135182,0.566192343944784,0.6068645038361359
10,LR,0.36091954022988504,0.6438213914849429,0.502370465857414,0.5370071973359111
11,LR,0.49029126213592233,0.779373368146214,0.6348323151410682,0.690543486526908
12,LR,0.7595307917888563,0.5421095666394112,0.6508201792141337,0.7208609184184853
13,LR,0.6357142857142857,0.6103030303030303,0.623008658008658,0.6592337662337696
14,LR,0.7954545454545454,0.6861848124428179,0.7408196789486816,0.7998731597770969
15,LR,0.9562043795620438,0.3412112259970458,0.6487078027795448,0.8237716848699186
16,LR,0.425,0.6296296296296297,0.5273148148148148,0.5967496141975314
17,LR,0.6444444444444445,0.7295345104333868,0.6869894774389156,0.7468759288983983
18,LR,0.7368421052631579,0.4829749103942652,0.6099085078287115,0.6453284971960715
19,LR,0.8644859813084113,0.551923076923077,0.7082045291157442,0.7758626887131534
20,LR,0.5449438202247191,0.7205009887936717,0.6327224045091955,0.7069060016442872
01,RF (default),0.34355828220858897,0.8333333333333334,0.5884458077709611,0.6209181707714652
03,RF (default),0.3644067796610169,0.905,0.6347033898305084,0.7377164043583532
04,RF (default),0.08214285714285714,0.9899888765294772,0.5360658668361672,0.7105474336564431
05,RF (default),0.31202290076335876,0.9609236234458259,0.6364732621045923,0.8217140319715813
06,RF (default),0.1875,0.918918918918919,0.5532094594594594,0.587899262899263
07,RF (default),0.12732919254658384,0.9649446494464945,0.5461369209965392,0.7845167426829555
08,RF (default),0.006756756756756757,1,0.5033783783783784,0.5881189722868136
09,RF (default),0.029239766081871343,0.9705372616984402,0.49988851389015576,0.5096612849280917
10,RF (default),0.12413793103448276,0.9190031152647975,0.5215705231496401,0.5400580083789865
11,RF (default),0.038834951456310676,0.9934810951760105,0.5161580233161606,0.6693712737813448
12,RF (default),0.07038123167155426,0.9918233851185609,0.5311023083950576,0.7171886352246651
13,RF (default),0.32857142857142857,0.9133333333333333,0.6209523809523809,0.7101450216450219
14,RF (default),0.25,0.9881061299176578,0.6190530649588288,0.8311985361390637
15,RF (default),0.5766423357664233,0.8212703101920237,0.6989563229792235,0.8064776978727553
16,RF (default),0.2,0.9247685185185185,0.5623842592592593,0.7095100308641983
17,RF (default),0.1111111111111111,0.9991974317817014,0.5551542714464063,0.8142203198383011
18,RF (default),0.4258373205741627,0.7768817204301075,0.6013595205021351,0.6761931710997925
19,RF (default),0.43457943925233644,0.8737179487179487,0.6541486939851426,0.7701219146896697
20,RF (default),0.24157303370786518,0.951878707976269,0.5967258708420671,0.6890854954708093
01,RF (tuned),0.08888888888888889,0.9991974317817014,0.5440431603352951,0.8003210272873195
03,RF (tuned),0.03883495145631067,0.9934810951760104,0.5161580233161606,0.6307515094745636
04,RF (tuned),0.08392857142857142,0.9844271412680756,0.5341778563483235,0.7070117590974099
05,RF (tuned),0.07894736842105263,0.9185441941074524,0.4987457812642525,0.5060709254360627
06,RF (tuned),0.37055214723926383,0.8140096618357487,0.5922809045375063,0.625451231439495
07,RF (tuned),0.15833333333333333,0.9282407407407408,0.5432870370370371,0.7209394290123456
08,RF (tuned),0.49282296650717705,0.7222222222222222,0.6075225943646996,0.672917631321706
09,RF (tuned),0.13333333333333333,0.9169262720664588,0.5251298026998961,0.5443585061052029
10,RF (tuned),0.19101123595505615,0.9492419248516808,0.5701265804033685,0.6924555413182434
11,RF (tuned),0.00675675675675675,0.9929478138222848,0.4998522852895208,0.5738954751648687
12,RF (tuned),0.5985401459854015,0.7799113737075333,0.6892257598464674,0.7821432037003094
13,RF (tuned),0.3387404580152672,0.9396092362344582,0.6391748471248627,0.8152397190622754
14,RF (tuned),0.12023460410557184,0.9787408013082584,0.549487702706915,0.7058552715187643
15,RF (tuned),0.4299065420560747,0.8647435897435898,0.6473250658998322,0.7520099448837767
16,RF (tuned),0.18944099378881987,0.9455719557195572,0.5675064747541886,0.7764490843666201
17,RF (tuned),0.387409200968523,0.89375,0.6405796004842615,0.7244635290556901
18,RF (tuned),0.2481060606060606,0.88,0.5640530303030303,0.5908763308763308
19,RF (tuned),0.3068181818181818,0.9826166514181152,0.6447174166181485,0.8159257256924228
20,RF (tuned),0.29642857142857143,0.9078787878787878,0.6021536796536796,0.6990974025974026
01,Transformer,0.7815950920245399,0.28743961352657005,0.534517352775555,0.6140526362585579
03,Transformer,0.7469733656174334,0.56,0.6534866828087167,0.6949016343825667
04,Transformer,0.7089285714285715,0.5984427141268076,0.6536856427776896,0.7166653424439854
05,Transformer,0.75,0.6447602131438721,0.697380106571936,0.7433629818448063
06,Transformer,0.6060606060606061,0.4702702702702703,0.5381654381654382,0.5506879606879607
07,Transformer,0.7546583850931677,0.4972324723247232,0.6259454287089454,0.6466073434026266
08,Transformer,0.6317567567567568,0.5035260930888575,0.5676414249228072,0.5954856478481302
09,Transformer,0.5701754385964912,0.4168110918544194,0.49349326522545534,0.530549727872541
10,Transformer,0.45977011494252873,0.5638629283489096,0.5118165216457191,0.5205118105537054
11,Transformer,0.5339805825242718,0.6558018252933507,0.5948912039088112,0.6449285452082885
12,Transformer,0.592375366568915,0.5568274734260016,0.5746014199974583,0.6274580798622684
13,Transformer,0.6964285714285714,0.4187878787878787,0.557608225108225,0.61895670995671
14,Transformer,0.7613636363636364,0.6935041171088746,0.7274338767362555,0.8104674374116277
15,Transformer,0.8248175182481752,0.345642540620384,0.5852300294342796,0.6657214633041865
16,Transformer,0.5416666666666666,0.5891203703703703,0.5653935185185185,0.576880787037037
17,Transformer,0.8074074074074075,0.434991974317817,0.6211996908626123,0.699013138338981
18,Transformer,0.7607655502392344,0.4005376344086022,0.5806515923239183,0.598249043919672
19,Transformer,0.794392523364486,0.5230769230769231,0.6587347232207046,0.7376108315360652
20,Transformer,0.797752808988764,0.4146341463414634,0.6061934776651137,0.6730092657744069
01,XGB (default),0.44171779141104295,0.7028985507246377,0.5723081710678404,0.5933700838742186
03,XGB (default),0.5653753026634383,0.765,0.6651876513317192,0.7351104721549635
04,XGB (default),0.29285714285714287,0.9421579532814238,0.6175075480692833,0.7338789130780231
05,XGB (default),0.5353053435114504,0.872113676731794,0.7037095101216222,0.8205123859368441
06,XGB (default),0.45075757575757575,0.7145945945945946,0.5826760851760852,0.5903132678132671
07,XGB (default),0.5062111801242236,0.8385608856088561,0.6723860328665399,0.7700001145974186
08,XGB (default),0.20270270270270271,0.9055007052186178,0.5541017039606603,0.6414439827697935
09,XGB (default),0.16374269005847952,0.8310225303292894,0.49738261019388447,0.5263918027303949
10,XGB (default),0.2413793103448276,0.8203530633437176,0.5308661868442726,0.5955741755290568
11,XGB (default),0.1650485436893204,0.9569752281616688,0.5610118859254946,0.6624536398273451
12,XGB (default),0.3343108504398827,0.8740801308258381,0.6041954906328604,0.6709308152876293
13,XGB (default),0.44642857142857145,0.7884848484848485,0.61745670995671,0.6625584415584425
14,XGB (default),0.5113636363636364,0.8874656907593779,0.699414663561507,0.8186392747234499
15,XGB (default),0.7737226277372263,0.5568685376661743,0.6652955827017003,0.7544340100701863
16,XGB (default),0.2916666666666667,0.8807870370370371,0.5862268518518519,0.6983892746913609
17,XGB (default),0.4,0.9149277688603531,0.6574638844301766,0.8160394744664399
18,XGB (default),0.5885167464114832,0.6362007168458781,0.6123587316286807,0.6484196806777454
19,XGB (default),0.5981308411214953,0.7378205128205129,0.6679756769710041,0.737982266954232
20,XGB (default),0.4101123595505618,0.8365194462755439,0.6233159029130528,0.6947849466347696
01,XGB (tuned),0.6666666666666666,0.8443017656500803,0.7554842161583735,0.825349265798704
03,XGB (tuned),0.32038834951456313,0.9035202086049544,0.6119542790597587,0.7002822749079126
04,XGB (tuned),0.3803571428571429,0.9010011123470524,0.6406791276020977,0.7083465755601462
05,XGB (tuned),0.3304093567251462,0.6291161178509532,0.47976273728804975,0.5040413714818531
06,XGB (tuned),0.5754601226993865,0.5821256038647343,0.5787928632820605,0.6094840105509617
07,XGB (tuned),0.4666666666666667,0.7766203703703703,0.6216435185185185,0.7219425154320988
08,XGB (tuned),0.7320574162679426,0.4838709677419355,0.607964192004939,0.6554895302773062
09,XGB (tuned),0.3931034482758621,0.7175493250259606,0.5553263866509113,0.583182344445638
10,XGB (tuned),0.5842696629213483,0.7323665128543178,0.658318087887833,0.719115936983846
11,XGB (tuned),0.3547297297297297,0.844851904090268,0.5997908169099988,0.6663887088781306
12,XGB (tuned),0.9635036496350364,0.3707533234859675,0.6671284865605019,0.8291949239344899
13,XGB (tuned),0.7280534351145038,0.7477797513321492,0.7379165932233265,0.8294560899217659
14,XGB (tuned),0.6129032258064516,0.6909239574816026,0.6519135916440271,0.7381037446977889
15,XGB (tuned),0.8364485981308412,0.6217948717948718,0.7291217349628565,0.7814162473040978
16,XGB (tuned),0.6677018633540373,0.75,0.7088509316770186,0.7923494762897939
17,XGB (tuned),0.7929782082324455,0.53875,0.6658641041162228,0.7551210653753027
18,XGB (tuned),0.5473484848484849,0.5740540540540541,0.5607012694512694,0.5853736691236692
19,XGB (tuned),0.6477272727272727,0.7749313815187557,0.7113293271230142,0.8336001829826166
20,XGB (tuned),0.6678571428571428,0.6587878787878788,0.6633225108225108,0.6913571428571429
